sensor_id,time,temperature,pressure,humidity,gas_resistance,smell
0,552568,30.308859,9.115979,36.892719,65877.507812,air
1,552622,30.285059,9.11594,37.039494,89136.492188,air
2,552677,30.470383,9.118251,36.393471,50039.09375,air
3,552732,30.631845,9.11834,36.109924,58796.507812,air
4,552788,31.236139,9.120299,34.909081,46010.066406,air
5,552843,30.89175,9.119171,35.499847,40894.570312,air
6,552898,30.768337,9.116574,35.533623,41857.421875,air
7,552953,30.571844,9.117876,35.57058,66545.359375,air
0,555568,30.321421,9.116057,36.835743,66081.570312,air
1,555622,30.323248,9.116149,36.984985,89604.476562,air
2,555677,30.490643,9.118414,36.354675,50274.941406,air
3,555732,30.649546,9.11821,36.077057,59369.203125,air
4,555788,31.25127,9.12009,34.875904,45911.046875,air
5,555843,30.901852,9.119228,35.477512,40699.523438,air
6,555898,30.80357,9.116557,35.485004,42063.753906,air
7,555953,30.599926,9.117993,35.550198,66649.3125,air
0,558568,30.33147,9.115906,36.743568,66184.078125,air
1,558622,30.328339,9.116052,36.880226,90077.414062,air
2,558677,30.510904,9.11836,36.286697,50245.339844,air
3,558732,30.664719,9.118184,35.968819,59163.394531,air
4,558788,31.256311,9.1202,34.755032,46309.695312,air
5,558843,30.917007,9.119183,35.368114,40855.410156,air
6,558898,30.768337,9.116644,35.348076,42063.753906,air
7,558953,30.58461,9.118085,35.438248,66649.3125,air
0,561568,30.34403,9.116091,36.651703,66081.570312,air
1,561622,30.348705,9.116184,36.782986,90172.59375,air
2,561677,30.518503,9.118305,36.164921,50453.292969,air
3,561732,30.684952,9.118126,35.861179,59081.46875,air
4,561788,31.273962,9.120048,34.629745,46460.980469,air
5,561843,30.937214,9.119297,35.247631,40816.328125,air
6,561898,30.75827,9.116565,35.237003,42230.285156,air
7,561953,30.579504,9.11799,35.298412,66649.3125,air
0,564568,30.371668,9.116145,36.596371,66805.84375,air
1,564622,30.374165,9.116253,36.709694,90077.414062,air
2,564677,30.538763,9.118397,36.11451,50602.886719,air
3,564732,30.702652,9.118226,35.787952,59534.882812,air
4,564788,31.273962,9.120317,34.566254,46511.628906,air
5,564843,30.932163,9.119417,35.177147,41131.105469,air
6,564898,30.723038,9.11639,35.169758,42356.054688,air
7,564953,30.546316,9.117993,35.248642,66963.117188,air
0,567568,30.399303,9.116233,36.541058,66545.359375,air
1,567622,30.391983,9.1161,36.635628,90747.960938,air
2,567677,30.553959,9.118271,36.057758,50874.402344,air
3,567732,30.707708,9.118229,35.742317,59911.070312,air
4,567788,31.261356,9.120221,34.530376,46562.386719,air
5,567843,30.927109,9.119126,35.141666,41131.105469,air
6,567898,30.692837,9.11664,35.16671,42609.855469,air
7,567953,30.51568,9.11759,35.245548,67492.75,air
0,570568,30.429453,9.116272,36.49765,66910.609375,air
1,570622,30.447992,9.11635,36.618111,90844.570312,air
2,570678,30.586884,9.118343,36.008682,50602.886719,air
3,570732,30.750698,9.11838,35.700562,59827.0625,air
4,570788,31.263876,9.120114,34.496014,46613.253906,air
5,570843,30.927109,9.119258,35.100872,41131.105469,air
6,570898,30.665155,9.116613,35.163914,42567.34375,air
7,570953,30.502914,9.117613,35.221058,67173.96875,air
0,573568,30.444525,9.116091,36.464314,66597.296875,air
1,573622,30.481089,9.116306,36.557339,90844.570312,air
2,573677,30.591949,9.118052,35.974236,50813.816406,air
3,573732,30.77599,9.118254,35.657013,60037.523438,air
4,573788,31.276485,9.120299,34.508804,48120.300781,air
5,573843,30.937214,9.119334,35.096058,41491.085938,air
6,573898,30.657604,9.116624,35.197876,42567.34375,air
7,573953,30.495258,9.117888,35.249287,67599.679688,air
0,576568,30.452063,9.116025,36.412766,67173.96875,air
1,576623,30.483633,9.116257,36.510918,90844.570312,air
2,576677,30.599548,9.118198,35.96336,50935.136719,air
3,576732,30.783575,9.118402,35.646259,59911.070312,air
4,576788,31.284052,9.120251,34.49226,46715.328125,air
5,576843,30.949841,9.119367,35.108986,41571.9375,air
6,576898,30.662638,9.116437,35.215752,42823.6875,air
7,576953,30.50802,9.117795,35.267971,67386.15625,air
0,579568,30.477188,9.116112,36.415363,67015.703125,air
1,579622,30.491268,9.116109,36.505878,90844.570312,air
2,579677,30.624874,9.118361,35.94265,50874.402344,air
3,579732,30.788631,9.118209,35.612175,60164.511719,air
4,579788,31.266397,9.120332,34.513569,48093.179688,air
5,579843,30.939739,9.119141,35.102142,41571.9375,air
6,579898,30.655087,9.11641,35.278675,43126.683594,air
7,579953,30.505468,9.117757,35.308327,67976.632812,air
0,582568,30.499798,9.116005,36.400269,66805.84375,air
1,582622,30.516729,9.116266,36.508518,90747.960938,air
2,582677,30.64007,9.11818,35.915077,50935.136719,air
3,582732,30.806335,9.118006,35.619751,60079.792969,air
4,582788,31.238659,9.119959,34.551186,48174.632812,air
5,582843,30.934687,9.119319,35.154083,41775.457031,air
6,582898,30.632437,9.116266,35.316929,42996.304688,air
7,582953,30.464621,9.117467,35.344814,68030.828125,air
0,585568,30.524921,9.115969,36.408691,67226.890625,air
1,585622,30.549824,9.116257,36.523636,91428.570312,air
2,585677,30.670462,9.118236,35.94733,51087.605469,air
3,585732,30.831623,9.118076,35.645397,60249.46875,air
4,585788,31.256311,9.120165,34.610657,47985.003906,air
5,585843,30.937214,9.118959,35.183487,41612.484375,air
6,585898,30.627405,9.116437,35.403328,42953.019531,air
7,585953,30.479939,9.117751,35.416016,68085.109375,air
0,588568,30.542507,9.116103,36.427959,67653.273438,air
1,588622,30.57019,9.116055,36.51992,91330.71875,air
2,588677,30.678061,9.118144,35.965603,51057.039062,air
3,588732,30.859442,9.118111,35.659775,59953.160156,air
4,588788,31.273962,9.120246,34.675938,48201.84375,air
5,588843,30.954891,9.119152,35.249424,41693.8125,air
6,588898,30.647537,9.116299,35.469131,43083.136719,air
7,588953,30.495258,9.117392,35.475647,68085.109375,air
0,591568,30.555069,9.11606,36.435081,67121.132812,air
1,591622,30.585464,9.116093,36.533176,91233.070312,air
2,591677,30.690723,9.118362,35.9669,51333.46875,air
3,591732,30.861969,9.118237,35.665798,60548.722656,air
4,591788,31.299183,9.119987,34.690014,48256.363281,air
5,591843,30.970047,9.119049,35.25679,41816.398438,air
6,591898,30.69787,9.116226,35.474251,43126.683594,air
7,591953,30.530996,9.117515,35.490891,68248.46875,air
0,594568,30.555069,9.116253,36.336246,67599.679688,air
1,594622,30.595648,9.116035,36.452545,91233.070312,air
2,594677,30.678061,9.118144,35.884029,51738.074219,air
3,594732,30.869556,9.118117,35.574318,60334.667969,air
4,594788,31.291616,9.120038,34.573784,48530.804688,air
5,594844,30.947315,9.118921,35.16119,41775.457031,air
6,594898,30.695354,9.116293,35.363861,43257.855469,air
7,594953,30.495258,9.117428,35.388546,68632.710938,air
0,597568,30.565119,9.116173,36.197845,67653.273438,air
1,597623,30.585464,9.115812,36.282391,92020.132812,air
2,597677,30.705917,9.118198,35.752953,51644.140625,air
3,597732,30.879673,9.118033,35.437065,60677.886719,air
4,597788,31.284052,9.120106,34.451885,48613.75,air
5,597843,30.964996,9.119152,35.063904,42105.261719,air
6,597898,30.670187,9.116147,35.228096,43522.613281,air
7,597953,30.497808,9.117447,35.261143,68798.710938,air
0,600568,30.572657,9.115967,36.12896,67546.171875,air
1,600622,30.610922,9.116179,36.226761,91723.398438,air
2,600677,30.726181,9.118344,35.667732,51612.902344,air
3,600732,30.902431,9.118191,35.381794,61156.234375,air
4,600788,31.296658,9.120023,34.407013,48780.488281,air
5,600843,30.975098,9.119116,35.012497,42230.285156,air
6,600898,30.670187,9.116217,35.175999,43478.261719,air
7,600953,30.502914,9.117542,35.232655,68467.507812,air
0,603568,30.585217,9.116063,36.078014,67976.632812,air
1,603623,30.610922,9.116143,36.174335,92020.132812,air
2,603677,30.733776,9.118417,35.645241,51990.25,air
3,603732,30.899902,9.118259,35.312458,60591.714844,air
4,603788,31.286572,9.12009,34.388718,48864.285156,air
5,603843,30.972574,9.119063,34.965656,42314.050781,air
6,603898,30.662638,9.116471,35.163662,43522.613281,air
7,603953,30.510574,9.11778,35.192841,68743.289062,air
0,606568,30.632954,9.116077,36.106148,68248.46875,air
1,606622,30.672024,9.116208,36.186466,93962.195312,air
2,606677,30.776834,9.118362,35.638004,51550.542969,air
3,606732,30.95048,9.118203,35.317585,60721.0625,air
4,606788,31.329441,9.120325,34.485245,48586.070312,air
5,606843,30.995304,9.119135,35.066959,41775.457031,air
6,606898,30.710455,9.116431,35.353798,43170.320312,air
7,606953,30.543762,9.117706,35.416679,68139.476562,air
0,609568,30.670639,9.11605,36.336594,67653.273438,air
1,609622,30.707666,9.116096,36.411682,91624.914062,air
2,609677,30.807226,9.118436,35.967228,51271.78125,air
3,609732,30.978296,9.118416,35.6777,60981.417969,air
4,609788,31.329441,9.120433,34.96476,48503.222656,air
5,609843,30.995304,9.11921,35.592224,41980.976562,air
6,609898,30.700388,9.116579,35.747295,43345.75,air
7,609953,30.518234,9.117575,35.885101,68193.929688,air
0,612568,30.668125,9.116206,36.30727,67868.507812,air
1,612622,30.697483,9.116154,36.393116,91624.914062,air
2,612677,30.799627,9.118345,35.919815,51738.074219,air
3,612732,30.960596,9.118405,35.606667,60850.960938,air
4,612788,31.294138,9.120398,34.793503,48420.65625,air
5,612843,30.954891,9.119358,35.430347,42146.855469,air
6,612898,30.665155,9.116405,35.633369,43434.0,air
7,612953,30.462067,9.117766,35.704758,68743.289062,air
0,615568,30.660589,9.116291,36.265808,67976.632812,air
1,615622,30.707666,9.116131,36.3242,94013.953125,air
2,615677,30.794561,9.118344,35.855209,51958.59375,air
3,615732,30.970709,9.1185,35.515465,61025.03125,air
4,615788,31.304224,9.120403,34.725178,48836.320312,air
5,615843,30.952368,9.119343,35.342525,42230.285156,air
6,615898,30.685287,9.116476,35.548374,43790.625,air
7,615953,30.477386,9.117764,35.630722,68632.710938,air
0,618568,30.612854,9.116311,36.260864,68193.929688,air
1,618622,30.689844,9.116355,36.363167,91822.09375,air
2,618677,30.746441,9.118616,35.856087,51769.464844,air
3,618732,30.965652,9.118425,35.54377,60677.886719,air
4,618788,31.31431,9.120193,34.749302,49004.59375,air
5,618843,30.911957,9.11921,35.379276,42188.53125,air
6,618898,30.718006,9.11656,35.55751,43700.921875,air
7,618953,30.462067,9.11782,35.646606,68632.710938,air
0,621568,30.547531,9.116179,36.40522,67976.632812,air
1,621623,30.659296,9.116243,36.476662,91822.09375,air
2,621677,30.698322,9.118327,35.961853,51675.414062,air
3,621732,30.947952,9.118201,35.639984,61025.03125,air
4,621788,31.304224,9.120403,34.782959,48724.78125,air
5,621843,30.866491,9.119237,35.468071,42314.050781,air
6,621898,30.702906,9.116511,35.579182,43700.921875,air
7,621953,30.441645,9.117498,35.725941,68965.515625,air
0,624568,30.49226,9.11621,36.434376,67976.632812,air
1,624623,30.605831,9.116119,36.465271,93858.84375,air
2,624677,30.645136,9.118161,36.003014,52149.113281,air
3,624732,30.910019,9.118196,35.624577,61156.234375,air
4,624788,31.284052,9.120178,34.809834,48976.46875,air
5,624843,30.823557,9.119034,35.522114,42230.285156,air
6,624898,30.690319,9.116393,35.583698,43745.726562,air
7,624954,30.421219,9.117655,35.752945,69357.898438,air
0,627568,30.482212,9.116133,36.421703,68085.109375,air
1,627622,30.598194,9.115969,36.406139,94221.570312,air
2,627677,30.614742,9.117997,36.005718,52021.945312,air
3,627732,30.887259,9.118003,35.541538,61376.167969,air
4,627788,31.24118,9.120176,34.747738,49174.03125,air
5,627843,30.775568,9.119083,35.482182,42398.144531,air
6,627898,30.617336,9.116286,35.524055,43880.699219,air
7,627953,30.372715,9.11773,35.707268,69077.171875,air
0,630568,30.436991,9.115821,36.393761,68743.289062,air
1,630622,30.598194,9.115986,36.347824,94065.773438,air
2,630677,30.569157,9.118071,35.960236,51832.355469,air
3,630732,30.887259,9.11802,35.501202,61420.34375,air
4,630788,31.228573,9.120062,34.677166,49004.59375,air
5,630843,30.73263,9.118879,35.44278,42609.855469,air
6,630898,30.589655,9.116382,35.503845,43971.144531,air
7,630953,30.331867,9.117423,35.633343,69189.1875,air
0,633568,30.416891,9.116054,36.432369,68743.289062,air
1,633622,30.567646,9.115999,36.379646,93858.84375,air
2,633677,30.526098,9.117889,35.990776,52308.949219,air
3,633732,30.854382,9.118054,35.509373,61244.019531,air
4,633788,31.198313,9.119797,34.720337,49344.640625,air
5,633843,30.692219,9.118934,35.508739,42609.855469,air
6,633898,30.577072,9.116178,35.537365,44244.730469,air
7,633953,30.311443,9.117579,35.695213,69245.335938,air
0,636568,30.381718,9.11587,36.498508,68909.828125,air
1,636622,30.529459,9.116125,36.42234,93858.84375,air
2,636677,30.490643,9.117925,36.080395,52341.035156,air
3,636732,30.806335,9.118006,35.579399,61420.34375,air
4,636788,31.140314,9.119967,34.754951,49344.640625,air
5,636843,30.631603,9.118856,35.590183,42866.710938,air
6,636898,30.529257,9.116304,35.578899,44153.15625,air
7,636953,30.265491,9.117479,35.742867,69754.765625,air
0,639568,30.326447,9.115779,36.475323,68965.515625,air
1,639622,30.47854,9.116022,36.370411,94325.71875,air
2,639677,30.439991,9.117906,36.051865,52437.527344,air
3,639732,30.773458,9.118164,35.547226,61642.1875,air
4,639788,31.097443,9.119983,34.721779,49316.125,air
5,639843,30.570988,9.118946,35.55481,42652.449219,air
6,639898,30.51919,9.11647,35.543072,44336.683594,air
7,639953,30.227194,9.117495,35.727325,69868.992188,air
0,642568,30.339008,9.115947,36.459183,68965.515625,air
1,642622,30.488724,9.116211,36.359806,94482.375,air
2,642677,30.437458,9.117924,36.045773,52631.578125,air
3,642732,30.786106,9.118083,35.525467,61910.519531,air
4,642788,31.105007,9.119915,34.716759,49459.042969,air
5,642843,30.560883,9.11889,35.594666,42953.019531,air
6,642898,30.561972,9.116162,35.541622,44429.019531,air
7,642953,30.242514,9.117545,35.740524,69527.429688,air
0,645568,30.313885,9.11593,36.474018,69357.898438,air
1,645622,30.47854,9.116303,36.358753,95273.539062,air
2,645677,30.422262,9.118087,36.09668,52664.0625,air
3,645732,30.768402,9.11809,35.529427,61731.371094,air
4,645788,31.105007,9.12004,34.762962,49487.726562,air
5,645844,30.555832,9.11918,35.640884,43126.683594,air
6,645898,30.592173,9.116261,35.538898,44336.683594,air
7,645953,30.268042,9.117536,35.743126,70156.210938,air
0,648568,30.293787,9.116037,36.501011,69077.171875,air
1,648622,30.450537,9.116073,36.402489,94639.554688,air
2,648677,30.394403,9.117977,36.134628,52405.324219,air
3,648732,30.750698,9.118185,35.562195,61910.519531,air
4,648788,31.125183,9.120247,34.770763,49834.535156,air
5,648843,30.558359,9.1191,35.670368,42909.824219,air
6,648898,30.607273,9.116451,35.517235,44429.019531,air
7,648953,30.278254,9.117688,35.767433,70041.039062,air
0,651568,30.258612,9.115908,36.538071,69189.1875,air
1,651622,30.43017,9.116169,36.423698,94849.945312,air
2,651678,30.371609,9.118157,36.173111,52631.578125,air
3,651732,30.730469,9.118207,35.606239,61820.816406,air
4,651788,31.117619,9.120153,34.764233,49660.523438,air
5,651843,30.535625,9.118936,35.697269,43126.683594,air
6,651898,30.607273,9.116591,35.482445,44521.738281,air
7,651953,30.250172,9.117712,35.741302,70156.210938,air
0,654568,30.25359,9.116063,36.566639,69414.320312,air
1,654623,30.397076,9.116248,36.478588,95008.351562,air
2,654677,30.361477,9.118195,36.177891,53056.996094,air
3,654732,30.697596,9.118312,35.59713,62271.953125,air
4,654788,31.110052,9.120239,34.786583,49951.21875,air
5,654843,30.548254,9.11908,35.716095,43345.75,air
6,654898,30.642506,9.116608,35.474422,44568.246094,air
7,654954,30.293573,9.117702,35.751545,70213.929688,air
0,657568,30.246052,9.116076,36.554218,69414.320312,air
1,657622,30.402166,9.116132,36.444126,95808.382812,air
2,657677,30.348812,9.118156,36.188259,52859.796875,air
3,657732,30.700123,9.118331,35.574333,62317.429688,air
4,657788,31.112574,9.120026,34.763729,50127.277344,air
5,657843,30.553305,9.119334,35.704926,43257.855469,air
6,657898,30.667669,9.116424,35.442196,44708.347656,air
7,657953,30.313995,9.117829,35.724548,70387.679688,air
0,660568,30.236002,9.116121,36.541542,69470.828125,air
1,660622,30.394527,9.116332,36.425835,95593.726562,air
2,660677,30.356411,9.118285,36.171543,52761.746094,air
3,660732,30.690008,9.118288,35.579063,62226.542969,air
4,660788,31.125183,9.120283,34.736107,50156.738281,air
5,660843,30.560883,9.119078,35.66478,43345.75,air
6,660898,30.687805,9.116723,35.386276,44708.347656,air
7,660953,30.334421,9.117727,35.691738,70562.296875,air
0,663568,30.198315,9.116148,36.537624,69983.59375,air
1,663622,30.356342,9.116299,36.427708,95970.007812,air
2,663677,30.328552,9.118103,36.174503,53422.371094,air
3,663732,30.672306,9.118348,35.559967,62317.429688,air
4,663788,31.127705,9.12023,34.707481,49921.996094,air
5,663843,30.578562,9.119269,35.649052,43434.0,air
6,663898,30.707937,9.116761,35.324577,44614.847656,air
7,663954,30.359949,9.117859,35.653641,70156.210938,air
0,666568,30.153095,9.116099,36.532928,70041.039062,air
1,666622,30.285059,9.116134,36.408665,95862.195312,air
2,666677,30.300694,9.118374,36.148304,53288.925781,air
3,666733,30.634373,9.118415,35.538826,62868.371094,air
4,666788,31.107533,9.120419,34.665054,50186.238281,air
5,666843,30.560883,9.119358,35.61219,43567.050781,air
6,666898,30.690319,9.116673,35.259075,45086.296875,air
7,666953,30.342077,9.117875,35.570454,70387.679688,air
0,669568,30.158117,9.116084,36.562538,70213.929688,air
1,669623,30.282513,9.116131,36.449211,95970.007812,air
2,669677,30.298161,9.118445,36.14222,53156.144531,air
3,669732,30.621729,9.118228,35.560581,62775.871094,air
4,669788,31.117619,9.120117,34.631424,50097.847656,air
5,669843,30.570988,9.119321,35.595695,43522.613281,air
6,669898,30.70542,9.11667,35.202709,44802.238281,air
7,669953,30.367609,9.117779,35.514961,71032.1875,air
0,672568,30.175705,9.116131,36.581814,70503.992188,air
1,672622,30.300335,9.116365,36.480217,96294.90625,air
2,672677,30.300694,9.118155,36.148304,53388.945312,air
3,672732,30.611614,9.118258,35.571075,63241.105469,air
4,672788,31.102488,9.120236,34.612595,50662.972656,air
5,672843,30.56341,9.119129,35.548191,43700.921875,air
6,672898,30.672705,9.116673,35.17046,44991.210938,air
7,672953,30.334421,9.117745,35.459324,70914.125,air
0,675568,30.173193,9.116111,36.593185,70387.679688,air
1,675623,30.307972,9.116128,36.498508,96294.90625,air
2,675677,30.298161,9.11841,36.165543,53691.273438,air
3,675732,30.624258,9.118388,35.612701,63100.8125,air
4,675788,31.107533,9.120239,34.624645,50274.941406,air
5,675844,30.576038,9.119255,35.549477,43700.921875,air
6,675898,30.645023,9.11661,35.173458,45038.707031,air
7,675953,30.347183,9.117828,35.478035,70914.125,air
0,678568,30.20083,9.116237,36.642612,70329.671875,air
1,678622,30.338522,9.116328,36.548351,96458.179688,air
2,678677,30.318424,9.118229,36.214291,53623.796875,air
3,678732,30.636902,9.118167,35.654339,63334.984375,air
4,678788,31.132748,9.120196,34.667576,50723.203125,air
5,678843,30.613922,9.119168,35.565018,43925.875,air
6,678898,30.665155,9.116579,35.227585,45038.707031,air
7,678953,30.375265,9.117732,35.486691,70914.125,air
0,681568,30.205853,9.116083,36.678062,70503.992188,air
1,681622,30.348705,9.116395,36.625282,96567.335938,air
2,681678,30.320957,9.118194,36.267067,53489.34375,air
3,681732,30.654606,9.118444,35.731113,63054.1875,air
4,681788,31.15292,9.12035,34.715786,50423.476562,air
5,681843,30.629078,9.119385,35.613293,43880.699219,air
6,681898,30.692837,9.116518,35.270916,45229.683594,air
7,681953,30.395691,9.11793,35.523617,71032.1875,air
0,684568,30.205853,9.116435,36.718815,70855.242188,air
1,684622,30.351252,9.116557,36.63723,96458.179688,air
2,684677,30.320957,9.118356,36.313763,53725.078125,air
3,684732,30.641958,9.118545,35.752895,63241.105469,air
4,684788,31.155445,9.120495,34.716038,50693.070312,air
5,684843,30.636654,9.119653,35.625759,43835.617188,air
6,684898,30.728069,9.116745,35.268688,45181.785156,air
7,684953,30.413563,9.118125,35.537048,71032.1875,air
0,687568,30.203342,9.116203,36.706913,70329.671875,air
1,687622,30.335978,9.11636,36.612282,96676.734375,air
2,687677,30.323486,9.118212,36.314018,53623.796875,air
3,687732,30.641958,9.118312,35.758667,62822.085938,air
4,687788,31.173096,9.120307,34.729359,50483.140625,air
5,687843,30.649282,9.119273,35.603668,44016.507812,air
6,687898,30.773371,9.116703,35.267483,45038.707031,air
7,687953,30.446751,9.118017,35.505566,71329.0625,air
0,690568,30.20083,9.116289,36.712467,70387.679688,air
1,690622,30.335978,9.1165,36.600605,96951.335938,air
2,690677,30.328552,9.118212,36.302872,53962.902344,air
3,690732,30.649546,9.118246,35.742134,63194.273438,air
4,690788,31.218485,9.120399,34.699257,50542.941406,air
5,690843,30.687168,9.119524,35.59,43925.875,air
6,690898,30.801052,9.116554,35.241329,45325.777344,air
7,690953,30.479939,9.117945,35.479893,71568.351562,air
0,693568,30.198315,9.116095,36.718029,70855.242188,air
1,693622,30.325794,9.116241,36.611225,97227.5,air
2,693677,30.346283,9.118339,36.31638,53623.796875,air
3,693732,30.644489,9.118117,35.764694,63147.507812,air
4,693788,31.183182,9.1204,34.695721,51026.511719,air
5,693843,30.682117,9.119346,35.612865,44061.960938,air
6,693898,30.760788,9.116708,35.225674,45422.285156,air
7,693953,30.459515,9.117819,35.472012,71269.484375,air
0,696568,30.205853,9.116065,36.765404,70620.6875,air
1,696622,30.3207,9.116287,36.704117,96676.734375,air
2,696677,30.34375,9.118284,36.356987,53928.796875,air
3,696732,30.647018,9.118386,35.782257,63100.8125,air
4,696788,31.190746,9.120026,34.748459,50783.574219,air
5,696843,30.7099,9.119127,35.633232,43971.144531,air
6,696898,30.770853,9.116717,35.284607,45277.679688,air
7,696953,30.490149,9.117849,35.533215,71210.015625,air
0,699568,30.24354,9.116108,36.874226,70620.6875,air
1,699622,30.348705,9.116202,36.81221,96841.3125,air
2,699677,30.371609,9.118139,36.459187,53962.902344,air
3,699732,30.652075,9.118176,35.898216,63382.023438,air
4,699788,31.188227,9.120169,34.829102,51026.511719,air
5,699843,30.717478,9.119205,35.721699,44198.894531,air
6,699898,30.75827,9.116599,35.381836,45133.992188,air
7,699953,30.50802,9.117581,35.616402,71568.351562,air
0,702568,30.241024,9.116178,36.938091,70737.773438,air
1,702622,30.348705,9.116027,36.858974,96841.3125,air
2,702677,30.379206,9.118267,36.512569,53758.925781,air
3,702732,30.657131,9.118126,35.962265,63147.507812,air
4,702788,31.198313,9.12012,34.870583,50935.136719,air
5,702843,30.735157,9.119063,35.746902,44153.15625,air
6,702898,30.730587,9.116522,35.40221,45277.679688,air
7,702953,30.510574,9.117763,35.616665,71508.382812,air
0,705568,30.263638,9.115947,36.911308,70620.6875,air
1,705622,30.346157,9.116022,36.864555,97006.445312,air
2,705677,30.386805,9.118195,36.484135,53590.121094,air
3,705733,30.644489,9.118189,35.955193,63523.574219,air
4,705788,31.155445,9.120135,34.837368,50874.402344,air
5,705843,30.730106,9.119259,35.66452,44198.894531,air
6,705898,30.677738,9.116434,35.379459,45373.980469,air
7,705953,30.477386,9.117728,35.555161,71269.484375,air
0,708568,30.281223,9.116153,36.866505,70679.179688,air
1,708623,30.363979,9.115957,36.796272,96458.179688,air
2,708677,30.404531,9.118176,36.410007,53894.738281,air
3,708732,30.659662,9.118092,35.898994,63760.898438,air
4,708788,31.178137,9.120199,34.787632,50783.574219,air
5,708843,30.757889,9.119188,35.597218,44153.15625,air
6,708898,30.69787,9.116488,35.369907,45519.203125,air
7,708953,30.492702,9.117674,35.521858,71991.0,air
0,711568,30.291271,9.116036,36.785976,70973.109375,air
1,711622,30.391983,9.116136,36.740765,96951.335938,air
2,711677,30.41213,9.118249,36.358227,54099.746094,air
3,711732,30.679892,9.1183,35.83757,63429.136719,air
4,711788,31.208399,9.120196,34.756004,50723.203125,air
5,711843,30.770517,9.119205,35.545918,44061.960938,air
6,711898,30.723038,9.116496,35.343487,45714.285156,air
7,711953,30.513126,9.117729,35.477455,71329.0625,air
0,714568,30.288761,9.116052,36.739109,71032.1875,air
1,714622,30.394527,9.116103,36.676769,97116.84375,air
2,714677,30.41213,9.11814,36.317352,53962.902344,air
3,714732,30.692535,9.118255,35.821548,63665.753906,air
4,714788,31.218485,9.120309,34.716583,51118.210938,air
5,714844,30.775568,9.119308,35.517223,44429.019531,air
6,714898,30.73562,9.116367,35.29842,45861.699219,air
7,714953,30.518234,9.11777,35.448933,71869.734375,air
0,717568,30.298809,9.116252,36.728512,71329.0625,air
1,717623,30.402166,9.116132,36.654209,97282.921875,air
2,717677,30.417196,9.118013,36.317875,54306.320312,air
3,717732,30.692535,9.118023,35.815777,63618.289062,air
4,717788,31.243704,9.120176,34.690228,51240.992188,air
5,717843,30.783146,9.119294,35.51215,44475.332031,air
6,717898,30.768337,9.116522,35.290138,45763.316406,air
7,717953,30.520786,9.117648,35.420158,71628.429688,air
0,720568,30.298809,9.116147,36.722691,71748.882812,air
1,720622,30.414896,9.116272,36.661377,96896.289062,air
2,720677,30.427326,9.118032,36.272224,54375.53125,air
3,720732,30.705181,9.118191,35.782444,63808.574219,air
4,720788,31.243704,9.120285,34.672905,51148.851562,air
5,720843,30.783146,9.11922,35.482948,44244.730469,air
6,720898,30.778402,9.11655,35.262203,46010.066406,air
7,720953,30.528446,9.117974,35.409321,72234.765625,air
0,723568,30.258612,9.116048,36.660267,71329.0625,air
1,723622,30.361435,9.116323,36.614933,97728.570312,air
2,723677,30.401999,9.11805,36.234585,54444.917969,air
3,723732,30.667248,9.11822,35.74971,64000.0,air
4,723788,31.221008,9.120202,34.624443,51519.421875,air
5,723843,30.780619,9.11928,35.424301,44290.65625,air
6,723898,30.793503,9.116495,35.22319,45861.699219,air
7,723953,30.536102,9.117787,35.375267,71748.882812,air
0,726568,30.238514,9.11607,36.623253,71508.382812,air
1,726622,30.333429,9.116217,36.588673,97616.78125,air
2,726677,30.404531,9.118358,36.199837,54689.167969,air
3,726732,30.662191,9.118164,35.708817,63952.035156,air
4,726788,31.243704,9.120193,34.61517,51210.242188,air
5,726843,30.80335,9.119295,35.426613,44568.246094,air
6,726898,30.828735,9.116529,35.197803,45861.699219,air
7,726953,30.571844,9.117841,35.361469,71869.734375,air
0,729568,30.248562,9.116095,36.624306,71688.601562,air
1,729622,30.323248,9.116114,36.575939,97338.40625,air
2,729677,30.41213,9.118086,36.171452,54654.140625,air
3,729732,30.677364,9.118229,35.698837,64337.773438,air
4,729788,31.268921,9.120099,34.594601,51519.421875,air
5,729843,30.82103,9.119226,35.405064,44614.847656,air
6,729898,30.869003,9.116465,35.15556,45812.457031,air
7,729953,30.597376,9.117972,35.340843,72357.265625,air
0,744568,30.328959,9.115851,39.185001,8579.088867,sanitizer
1,744622,30.41235,9.116127,39.869892,11404.133789,sanitizer
2,744677,30.457718,9.118232,37.924255,9029.345703,sanitizer
3,744732,30.720356,9.118255,37.904419,6849.314941,sanitizer
4,744788,31.377354,9.120401,36.294594,5684.846191,sanitizer
5,744843,30.906902,9.11922,37.186966,5684.846191,sanitizer
6,744898,30.957087,9.11627,37.110298,5684.846191,sanitizer
7,744953,30.681622,9.117436,37.847992,5684.846191,sanitizer
0,747568,30.371668,9.116286,39.859417,5684.846191,sanitizer
1,747622,30.427624,9.11613,40.69574,5684.846191,sanitizer
2,747677,30.495708,9.118197,39.130241,5684.846191,sanitizer
3,747732,30.740585,9.118267,39.334011,5684.846191,sanitizer
4,747788,31.400049,9.120645,38.559834,5684.846191,sanitizer
5,747843,30.934687,9.119563,39.132423,5684.846191,sanitizer
6,747898,30.962118,9.116676,39.122223,5684.846191,sanitizer
7,747953,30.714809,9.117718,39.702278,5684.846191,sanitizer
0,750568,30.442013,9.116404,41.75489,5684.846191,sanitizer
1,750622,30.486179,9.116718,42.544716,5684.846191,sanitizer
2,750677,30.564091,9.118724,41.11092,5684.846191,sanitizer
3,750732,30.791162,9.118584,41.238678,5684.846191,sanitizer
4,750788,31.435354,9.121038,40.169807,5684.846191,sanitizer
5,750843,30.982676,9.119758,40.626659,5684.846191,sanitizer
6,750898,30.994837,9.116727,40.47279,5684.846191,sanitizer
7,750953,30.735235,9.117525,40.805923,5684.846191,sanitizer
0,753568,30.48975,9.116525,43.263035,5684.846191,sanitizer
1,753622,30.524364,9.116945,43.971756,5684.846191,sanitizer
2,753677,30.591949,9.118469,42.242752,5684.846191,sanitizer
3,753732,30.816448,9.118813,42.391529,5684.846191,sanitizer
4,753788,31.407614,9.120792,40.507706,5684.846191,sanitizer
5,753843,30.985203,9.119733,40.904594,5684.846191,sanitizer
6,753898,30.972187,9.116686,40.62587,5684.846191,sanitizer
7,753953,30.750553,9.117824,40.66959,5724.507812,sanitizer
0,756568,30.504822,9.11657,44.316654,5684.846191,sanitizer
1,756622,30.529459,9.116899,44.773918,5684.846191,sanitizer
2,756677,30.627407,9.118851,43.212555,5684.846191,sanitizer
3,756732,30.834152,9.118915,43.23103,5684.846191,sanitizer
4,756788,31.410135,9.120721,40.543941,5684.846191,sanitizer
5,756843,31.018036,9.119749,41.011089,5684.846191,sanitizer
6,756898,30.974701,9.116812,40.470501,5684.846191,sanitizer
7,756953,30.778635,9.117479,40.367004,5684.846191,sanitizer
0,759568,30.519897,9.116792,44.434399,5684.846191,sanitizer
1,759622,30.539642,9.116913,44.836506,5684.846191,sanitizer
2,759677,30.657797,9.118924,43.4417,5684.846191,sanitizer
3,759732,30.849325,9.11887,43.541134,5684.846191,sanitizer
4,759788,31.430309,9.120838,40.199112,5684.846191,sanitizer
5,759843,31.05592,9.119849,40.604836,5684.846191,sanitizer
6,759898,31.002386,9.116926,39.900131,5684.846191,sanitizer
7,759953,30.832249,9.118048,39.655712,7230.004395,sanitizer
0,762568,30.517384,9.117,43.411873,5684.846191,sanitizer
1,762622,30.511637,9.117122,43.842079,5684.846191,sanitizer
2,762677,30.662863,9.118942,42.481361,5684.846191,sanitizer
3,762732,30.824036,9.118979,42.626961,5684.846191,sanitizer
4,762788,31.410135,9.121169,39.457184,5684.846191,sanitizer
5,762843,31.05592,9.119943,39.858704,5684.846191,sanitizer
6,762898,30.994837,9.116884,39.096165,5684.846191,sanitizer
7,762953,30.824589,9.118022,38.792229,8762.322266,sanitizer
0,765568,30.519897,9.11709,42.395969,5684.846191,sanitizer
1,765622,30.493816,9.117063,42.594051,5684.846191,sanitizer
2,765677,30.685658,9.119068,41.486233,5684.846191,sanitizer
3,765732,30.834152,9.119216,41.476582,5684.846191,sanitizer
4,765788,31.437876,9.121074,38.4338,5684.846191,sanitizer
5,765843,31.108959,9.120053,38.870918,5684.846191,sanitizer
6,765898,31.004902,9.116945,38.174072,5684.846191,sanitizer
7,765953,30.832249,9.117941,37.958569,7795.371582,sanitizer
0,768568,30.504822,9.117009,41.648052,5684.846191,sanitizer
1,768622,30.486179,9.117264,41.898209,7314.285645,sanitizer
2,768677,30.680592,9.119104,40.577667,5684.846191,sanitizer
3,768732,30.829096,9.119231,40.498566,6382.129883,sanitizer
4,768788,31.442921,9.121041,37.643684,7600.950195,sanitizer
5,768843,31.116537,9.120112,38.16901,7755.695801,sanitizer
6,768898,30.999868,9.117116,37.56686,9036.995117,sanitizer
7,768953,30.842459,9.118076,37.429241,14925.373047,sanitizer
0,771568,30.529947,9.117219,40.920013,5684.846191,sanitizer
1,771622,30.481089,9.11715,40.95348,5684.846191,sanitizer
2,771677,30.675528,9.118997,39.960564,5684.846191,sanitizer
3,771732,30.821508,9.11912,39.721077,5684.846191,sanitizer
4,771788,31.442921,9.121149,37.214577,5684.846191,sanitizer
5,771843,31.126642,9.120056,37.86731,6225.681152,sanitizer
6,771899,30.989801,9.116844,37.248638,7683.073242,sanitizer
7,771953,30.852671,9.118192,37.259785,12590.989258,sanitizer
0,774568,30.537481,9.117435,40.789406,5684.846191,sanitizer
1,774622,30.491268,9.117006,40.828754,6893.580566,sanitizer
2,774677,30.700855,9.119269,39.641083,5736.823242,sanitizer
3,774732,30.839209,9.119594,39.35083,5712.245605,sanitizer
4,774788,31.450485,9.12153,36.816685,5684.846191,sanitizer
5,774843,31.13422,9.120043,37.400196,5991.387207,sanitizer
6,774898,30.997351,9.117253,36.96806,5684.846191,sanitizer
7,774953,30.862885,9.118255,36.867535,9818.962891,sanitizer
0,777568,30.545019,9.117335,40.760391,5684.846191,sanitizer
1,777622,30.488724,9.117039,40.924374,7259.52832,sanitizer
2,777677,30.685658,9.119123,39.299854,8048.289551,sanitizer
3,777732,30.818979,9.119136,39.142181,7483.629395,sanitizer
4,777788,31.463093,9.121535,36.72435,8698.015625,sanitizer
5,777843,31.156948,9.12004,37.107151,10322.581055,sanitizer
6,777898,31.02,9.117434,36.894325,9256.581055,sanitizer
7,777953,30.878201,9.118502,36.693333,17997.75,sanitizer
0,780568,30.550045,9.117585,40.081451,7123.775391,sanitizer
1,780622,30.514181,9.117424,40.436321,9555.09082,sanitizer
2,780677,30.710983,9.119214,38.584156,7541.833496,sanitizer
3,780732,30.836681,9.119182,38.549915,7622.677246,sanitizer
4,780788,31.460571,9.12123,36.093266,7186.166504,sanitizer
5,780843,31.172104,9.120162,36.501785,7934.540039,sanitizer
6,780898,31.009937,9.117126,36.378918,9329.446289,sanitizer
7,780953,30.883307,9.118487,36.138401,15180.265625,sanitizer
0,783568,30.534969,9.117102,39.563084,9353.990234,sanitizer
1,783622,30.511637,9.11714,40.006149,13619.918945,sanitizer
2,783677,30.743908,9.119414,38.39233,9362.200195,sanitizer
3,783732,30.849325,9.119297,38.39867,9828.009766,sanitizer
4,783788,31.478222,9.12129,36.042641,9800.918945,sanitizer
5,783843,31.215042,9.12016,36.423946,10970.174805,sanitizer
6,783898,31.009937,9.117196,36.15733,12989.648438,sanitizer
7,783953,30.916494,9.11861,35.943493,22168.341797,sanitizer
0,786568,30.522409,9.117214,39.235886,7952.286133,sanitizer
1,786622,30.50909,9.117399,39.755615,10825.439453,sanitizer
2,786677,30.728714,9.119161,38.165955,10526.31543,sanitizer
3,786732,30.84174,9.119291,38.257099,9738.283203,sanitizer
4,786788,31.480743,9.121166,35.943855,10803.510742,sanitizer
5,786843,31.217566,9.120023,36.247929,12864.321289,sanitizer
6,786898,31.04517,9.117107,36.026989,14578.587891,sanitizer
7,786953,30.93692,9.118594,35.753323,25406.908203,sanitizer
0,789568,30.565119,9.117263,39.762226,5684.846191,sanitizer
1,789622,30.539642,9.117335,40.271877,5715.306152,sanitizer
2,789677,30.761637,9.11925,38.542282,5684.846191,sanitizer
3,789732,30.884729,9.119391,38.625652,5684.846191,sanitizer
4,789788,31.498398,9.121049,36.062206,7761.338867,sanitizer
5,789843,31.227671,9.119967,36.360603,9014.084961,sanitizer
6,789898,31.042652,9.117106,36.026733,10272.873047,sanitizer
7,789953,30.942026,9.118652,35.736374,15693.967773,sanitizer
0,792568,30.615366,9.117525,40.846073,5684.846191,sanitizer
1,792622,30.57019,9.117233,41.293869,5684.846191,sanitizer
2,792677,30.81229,9.119505,39.617706,5684.846191,sanitizer
3,792732,30.925192,9.119718,39.608459,5684.846191,sanitizer
4,792788,31.523615,9.121186,36.77169,5684.846191,sanitizer
5,792843,31.265554,9.120085,37.130459,5684.846191,sanitizer
6,792898,31.060268,9.117157,36.518436,6302.93457,sanitizer
7,792953,30.957342,9.118526,36.362198,10914.051758,sanitizer
0,795568,30.645514,9.117456,41.658337,5684.846191,sanitizer
1,795622,30.600742,9.117468,41.947727,5693.950195,sanitizer
2,795677,30.832554,9.11947,40.6189,5684.846191,sanitizer
3,795732,30.932779,9.119492,40.635197,5684.846191,sanitizer
4,795788,31.556396,9.121326,37.549923,5684.846191,sanitizer
5,795843,31.31102,9.120302,37.8041,5684.846191,sanitizer
6,795898,31.110601,9.117276,37.185181,5684.846191,sanitizer
7,795953,31.00585,9.118379,36.976433,7441.860352,sanitizer
0,798568,30.655563,9.117621,40.504345,7970.112305,sanitizer
1,798622,30.590557,9.117156,40.76815,12160.365234,sanitizer
2,798677,30.830021,9.119452,39.828537,6439.927734,sanitizer
3,798732,30.935307,9.119423,39.875824,6583.007812,sanitizer
4,798788,31.5917,9.121272,38.19046,5684.846191,sanitizer
5,798843,31.343853,9.120372,38.443554,5684.846191,sanitizer
6,798898,31.186102,9.117384,38.181889,5684.846191,sanitizer
7,798953,31.069675,9.118441,38.137772,5684.846191,sanitizer
0,801568,30.655563,9.117358,39.469742,10947.65625,sanitizer
1,801622,30.598194,9.117112,39.872765,15399.422852,sanitizer
2,801677,30.840149,9.119216,38.9958,9176.943359,sanitizer
3,801732,30.932779,9.119492,39.113472,8968.610352,sanitizer
4,801788,31.609354,9.121441,38.541302,5684.846191,sanitizer
5,801843,31.366583,9.120575,38.672489,5684.846191,sanitizer
6,801899,31.206234,9.117788,39.006725,5684.846191,sanitizer
7,801953,31.100311,9.118807,38.893711,6087.12207,sanitizer
0,804568,30.655563,9.117569,39.037613,6562.756348,sanitizer
1,804622,30.610922,9.117605,39.582458,8976.157227,sanitizer
2,804677,30.870541,9.119704,38.435677,7220.216797,sanitizer
3,804732,30.947952,9.119662,38.626671,6211.180176,sanitizer
4,804788,31.61944,9.12166,37.745098,5684.846191,sanitizer
5,804843,31.40447,9.120749,37.855686,6661.115723,sanitizer
6,804898,31.218817,9.117852,38.557785,5684.846191,sanitizer
7,804953,31.118183,9.118842,38.119377,9288.824219,sanitizer
0,807568,30.680689,9.117797,39.129086,5684.846191,sanitizer
1,807622,30.63129,9.117878,39.816887,6788.290039,sanitizer
2,807677,30.888271,9.119813,38.502754,5684.846191,sanitizer
3,807732,30.975769,9.119822,38.80611,5684.846191,sanitizer
4,807788,31.667353,9.122077,37.767933,5684.846191,sanitizer
5,807843,31.417099,9.120802,37.886719,5684.846191,sanitizer
6,807898,31.2616,9.118087,38.43232,5684.846191,sanitizer
7,807953,31.159031,9.119007,38.017406,6359.300293,sanitizer
0,810568,30.705811,9.118078,39.825439,5684.846191,sanitizer
1,810622,30.646564,9.117916,40.570938,5684.846191,sanitizer
2,810677,30.923727,9.119941,39.242855,5684.846191,sanitizer
3,810732,30.995998,9.11994,39.521778,5684.846191,sanitizer
4,810788,31.664831,9.121772,37.685184,5684.846191,sanitizer
5,810843,31.45751,9.121008,37.90295,5684.846191,sanitizer
6,810898,31.254049,9.118115,38.118412,5684.846191,sanitizer
7,810953,31.182007,9.119172,37.707016,7057.785645,sanitizer
0,813568,30.700787,9.118127,39.712051,5928.121582,sanitizer
1,813622,30.656748,9.117912,40.506271,8196.72168,sanitizer
2,813677,30.941458,9.120104,39.066383,5684.846191,sanitizer
3,813732,31.008642,9.120126,39.387329,5684.846191,sanitizer
4,813788,31.69257,9.121657,37.217648,5789.759277,sanitizer
5,813843,31.497921,9.120896,37.379803,6498.78125,sanitizer
6,813898,31.296835,9.11812,37.504509,6875.805664,sanitizer
7,813953,31.227961,9.119288,37.005745,12711.022461,sanitizer
0,816568,30.693249,9.117893,38.740513,9216.589844,sanitizer
1,816622,30.646564,9.11781,39.419933,10652.463867,sanitizer
2,816677,30.92626,9.119995,38.063183,8606.77832,sanitizer
3,816732,31.013702,9.120095,38.322655,7324.330566,sanitizer
4,816788,31.69257,9.121423,36.46183,5684.846191,sanitizer
5,816843,31.490345,9.120667,36.623386,6059.458496,sanitizer
6,816898,31.301868,9.117758,36.877159,6087.12207,sanitizer
7,816953,31.240723,9.119177,36.344902,10641.835938,sanitizer
0,819568,30.723398,9.118053,38.702499,6132.617676,sanitizer
1,819622,30.669476,9.11791,39.428417,8184.143066,sanitizer
2,819677,30.946522,9.119796,38.029926,6566.796875,sanitizer
3,819732,31.033932,9.120036,38.313122,5684.846191,sanitizer
4,819788,31.750568,9.12163,36.737041,5684.846191,sanitizer
5,819843,31.523178,9.120831,36.915688,5684.846191,sanitizer
6,819898,31.327036,9.117764,36.926674,5684.846191,sanitizer
7,819953,31.266254,9.119308,36.523109,9280.742188,sanitizer
0,822568,30.746008,9.117263,39.207291,5684.846191,sanitizer
1,822622,30.692389,9.117043,39.734371,8423.269531,sanitizer
2,822677,30.954121,9.119125,38.355953,5981.308594,sanitizer
3,822732,31.059219,9.119589,38.50956,6143.213867,sanitizer
4,822789,31.768223,9.121281,36.610123,5684.846191,sanitizer
5,822843,31.543385,9.120494,36.823441,5684.846191,sanitizer
6,822898,31.347168,9.117732,36.729721,6385.950684,sanitizer
7,822953,31.28157,9.119109,36.366703,10814.463867,sanitizer
0,825568,30.793743,9.117786,39.574043,5684.846191,sanitizer
1,825622,30.710211,9.117261,40.004547,6562.756348,sanitizer
2,825677,30.976913,9.119395,38.767368,5684.846191,sanitizer
3,825732,31.061749,9.119892,38.750824,5684.846191,sanitizer
4,825788,31.768223,9.121441,36.615974,5684.846191,sanitizer
5,825843,31.568644,9.120804,36.979515,5684.846191,sanitizer
6,825898,31.314449,9.117542,36.509933,5684.846191,sanitizer
7,825953,31.273914,9.119102,36.231434,6741.099609,sanitizer
0,828568,30.823893,9.117965,39.802994,5684.846191,sanitizer
1,828623,30.728031,9.117354,40.030403,6042.295898,sanitizer
2,828677,31.035166,9.119905,39.320679,5684.846191,sanitizer
3,828732,31.109798,9.120082,39.156597,5684.846191,sanitizer
4,828788,31.803524,9.12142,37.346992,5684.846191,sanitizer
5,828843,31.604,9.12072,37.847519,5684.846191,sanitizer
6,828898,31.359751,9.117902,37.088402,5684.846191,sanitizer
7,828953,31.29689,9.118876,37.071762,5684.846191,sanitizer
0,831568,30.836452,9.118044,40.220806,5684.846191,sanitizer
1,831622,30.72294,9.117331,40.304489,6389.776367,sanitizer
2,831677,31.042765,9.120031,40.079529,5684.846191,sanitizer
3,831732,31.109798,9.120296,39.771042,5684.846191,sanitizer
4,831788,31.785873,9.121377,37.95174,5684.846191,sanitizer
5,831843,31.583796,9.120777,38.445923,5684.846191,sanitizer
6,831898,31.362268,9.117816,37.676239,5684.846191,sanitizer
7,831953,31.319866,9.11913,37.680523,6558.721191,sanitizer
0,834568,30.838964,9.11808,39.679962,6640.381836,sanitizer
1,834622,30.725485,9.117298,39.607094,11259.676758,sanitizer
2,834677,31.052893,9.12014,39.477547,5684.846191,sanitizer
3,834732,31.114857,9.120265,39.02747,6083.650391,sanitizer
4,834788,31.818655,9.121697,37.436817,5684.846191,sanitizer
5,834843,31.616632,9.120902,37.96764,5684.846191,sanitizer
6,834898,31.402533,9.117838,37.509926,5684.846191,sanitizer
7,834953,31.330078,9.11889,37.445877,5684.846191,sanitizer
0,837568,30.83143,9.117706,39.145695,5684.846191,sanitizer
1,837622,30.735668,9.117364,39.35849,8510.638672,sanitizer
2,837677,31.070623,9.120067,39.074677,5684.846191,sanitizer
3,837732,31.114857,9.120121,38.891998,5684.846191,sanitizer
4,837788,31.833786,9.121739,37.762291,5684.846191,sanitizer
5,837844,31.651989,9.120989,38.125999,5684.846191,sanitizer
6,837898,31.40505,9.117701,37.916477,5684.846191,sanitizer
7,837953,31.363266,9.119277,37.667488,6554.690918,sanitizer
0,840568,30.88419,9.118303,39.15152,5684.846191,sanitizer
1,840622,30.781494,9.117637,39.619278,5684.846191,sanitizer
2,840677,31.101017,9.120031,38.911606,5684.846191,sanitizer
3,840732,31.160376,9.120363,38.914669,5684.846191,sanitizer
4,840788,31.836308,9.121776,37.456364,5684.846191,sanitizer
5,840843,31.649466,9.121013,37.710022,5684.846191,sanitizer
6,840898,31.394983,9.117866,37.52676,5684.846191,sanitizer
7,840953,31.335184,9.11909,37.111084,8171.603516,sanitizer
0,843568,30.914337,9.118131,39.890373,5684.846191,sanitizer
1,843622,30.81459,9.117539,40.261051,5684.846191,sanitizer
2,843678,31.12381,9.120121,39.473511,5684.846191,sanitizer
3,843732,31.180607,9.120446,39.412331,5684.846191,sanitizer
4,843788,31.841351,9.121743,37.59227,5684.846191,sanitizer
5,843843,31.667145,9.120978,38.032524,5684.846191,sanitizer
6,843898,31.400019,9.11815,37.550827,5684.846191,sanitizer
7,843953,31.350504,9.119124,37.4245,5684.846191,sanitizer
0,846568,30.936947,9.118145,40.29768,5684.846191,sanitizer
1,846622,30.8375,9.117904,40.760323,5684.846191,sanitizer
2,846677,31.14407,9.119958,39.989239,5684.846191,sanitizer
3,846732,31.21348,9.120681,40.090809,5684.846191,sanitizer
4,846788,31.874134,9.121812,38.049843,5684.846191,sanitizer
5,846843,31.697454,9.121111,38.351116,5684.846191,sanitizer
6,846898,31.422668,9.117646,37.894802,5684.846191,sanitizer
7,846953,31.393902,9.119378,37.759262,5684.846191,sanitizer
0,849568,30.952023,9.118402,40.502151,5684.846191,sanitizer
1,849622,30.852777,9.117607,40.893967,5684.846191,sanitizer
2,849677,31.179529,9.120411,40.190704,5684.846191,sanitizer
3,849732,31.233713,9.120623,40.30677,5684.846191,sanitizer
4,849788,31.891785,9.121837,37.998623,5684.846191,sanitizer
5,849843,31.722712,9.121159,38.21101,5684.846191,sanitizer
6,849898,31.440283,9.118065,37.708164,5684.846191,sanitizer
7,849953,31.414328,9.119576,37.413647,6062.902832,sanitizer
0,852568,30.957047,9.118353,40.246323,5684.846191,sanitizer
1,852622,30.87569,9.117797,40.608913,5974.60791,sanitizer
2,852677,31.182062,9.120248,40.107185,5684.846191,sanitizer
3,852732,31.241299,9.120751,40.171078,5684.846191,sanitizer
4,852789,31.937176,9.122235,38.25761,5684.846191,sanitizer
5,852843,31.753021,9.12114,38.500179,5684.846191,sanitizer
6,852898,31.49062,9.118027,37.849079,5684.846191,sanitizer
7,852953,31.43475,9.119329,37.598492,5684.846191,sanitizer
0,855568,30.964584,9.118376,39.545586,5684.846191,sanitizer
1,855622,30.847683,9.117353,40.091587,6920.415039,sanitizer
2,855677,31.194723,9.12052,39.350285,5684.846191,sanitizer
3,855732,31.253942,9.120866,39.556419,5684.846191,sanitizer
4,855788,31.959873,9.12237,38.171406,5684.846191,sanitizer
5,855843,31.773228,9.121365,38.329609,5684.846191,sanitizer
6,855898,31.540951,9.118232,38.149509,5684.846191,sanitizer
7,855953,31.498575,9.119534,37.876812,5684.846191,sanitizer
0,858568,30.974634,9.118435,38.771294,6724.101562,sanitizer
1,858623,30.865505,9.117307,39.337212,9512.485352,sanitizer
2,858677,31.204855,9.120429,38.661797,5712.245605,sanitizer
3,858732,31.251413,9.120934,38.92469,5684.846191,sanitizer
4,858788,31.982569,9.122237,38.303967,5684.846191,sanitizer
5,858843,31.798483,9.121392,38.421719,5684.846191,sanitizer
6,858898,31.573666,9.118281,38.620289,5684.846191,sanitizer
7,858953,31.534317,9.119568,38.401329,5684.846191,sanitizer
0,861568,30.969608,9.118326,38.983471,5684.846191,sanitizer
1,861622,30.888418,9.117459,39.500275,5684.846191,sanitizer
2,861677,31.187124,9.120084,38.855736,5684.846191,sanitizer
3,861732,31.274174,9.120877,38.997894,5684.846191,sanitizer
4,861788,32.002739,9.122336,38.3535,5684.846191,sanitizer
5,861843,31.821217,9.121499,38.489758,5684.846191,sanitizer
6,861898,31.578701,9.11832,38.68008,5684.846191,sanitizer
7,861953,31.534317,9.119461,38.430965,5684.846191,sanitizer
0,864568,30.972122,9.118645,39.2915,5684.846191,sanitizer
1,864622,30.901148,9.117705,39.799374,7057.785645,sanitizer
2,864677,31.197256,9.120483,39.017292,5684.846191,sanitizer
3,864732,31.28429,9.120938,39.093327,5684.846191,sanitizer
4,864788,32.020393,9.122433,38.278522,5684.846191,sanitizer
5,864843,31.82374,9.121365,38.543697,5684.846191,sanitizer
6,864898,31.581217,9.118515,38.585587,5684.846191,sanitizer
7,864953,31.544529,9.119773,38.36689,5684.846191,sanitizer
0,867568,30.987194,9.118601,38.961754,5684.846191,sanitizer
1,867622,30.898602,9.117474,39.228012,7905.138184,sanitizer
2,867677,31.220051,9.120302,38.687195,5684.846191,sanitizer
3,867732,31.291876,9.120836,38.5467,5684.846191,sanitizer
4,867788,32.035526,9.122564,37.518925,5684.846191,sanitizer
5,867843,31.848999,9.121582,37.974972,5684.846191,sanitizer
6,867898,31.593801,9.118545,38.060768,5684.846191,sanitizer
7,867953,31.557293,9.119892,37.883144,5875.87207,sanitizer
0,870568,31.01232,9.118567,38.551163,7016.005371,sanitizer
1,870622,30.906239,9.117554,38.801838,10781.670898,sanitizer
2,870677,31.22765,9.120429,38.350163,6570.841797,sanitizer
3,870732,31.289347,9.121244,38.241119,6853.71582,sanitizer
4,870788,32.038048,9.122548,37.425026,5684.846191,sanitizer
5,870843,31.85405,9.121589,37.737984,5684.846191,sanitizer
6,870898,31.601353,9.118622,38.073395,5684.846191,sanitizer
7,870953,31.544529,9.119702,37.751858,8000.0,sanitizer
0,873568,30.994732,9.118414,37.913586,5684.846191,sanitizer
1,873622,30.921515,9.11761,38.25948,7722.007812,sanitizer
2,873677,31.232716,9.120357,37.624016,5709.187988,sanitizer
3,873732,31.289347,9.120798,37.638069,5971.263184,sanitizer
4,873788,32.027962,9.122616,36.602318,6831.767578,sanitizer
5,873843,31.851522,9.121745,36.743881,7600.950195,sanitizer
6,873898,31.586252,9.118433,37.253311,7579.346191,sanitizer
7,873953,31.539423,9.119822,36.598568,14460.008789,sanitizer
0,876568,31.042469,9.118235,38.424747,5684.846191,sanitizer
1,876622,30.949518,9.117522,38.646725,5684.846191,sanitizer
2,876677,31.255508,9.120229,37.939198,5684.846191,sanitizer
3,876732,31.319693,9.120799,37.793346,5684.846191,sanitizer
4,876788,32.035526,9.122062,36.263962,5684.846191,sanitizer
5,876843,31.861628,9.121407,36.597576,5684.846191,sanitizer
6,876898,31.581217,9.118464,36.654839,5684.846191,sanitizer
7,876953,31.557293,9.119822,36.214123,7699.711426,sanitizer
0,879568,31.060053,9.118334,39.052567,5684.846191,sanitizer
1,879622,30.967337,9.117845,39.413887,5901.881348,sanitizer
2,879677,31.293497,9.120664,38.422478,5684.846191,sanitizer
3,879732,31.324749,9.120998,38.426914,5684.846191,sanitizer
4,879788,32.063263,9.12229,36.442207,5684.846191,sanitizer
5,879843,31.904566,9.121516,36.725883,5687.87793,sanitizer
6,879898,31.598835,9.118427,36.504623,7186.166504,sanitizer
7,879953,31.577719,9.119752,36.146111,11640.59668,sanitizer
0,882568,31.072617,9.118377,39.077625,5684.846191,sanitizer
1,882622,30.972431,9.117747,39.390671,9378.663086,sanitizer
2,882677,31.308695,9.120573,38.353046,5684.846191,sanitizer
3,882732,31.357626,9.121144,38.195744,5954.596191,sanitizer
4,882789,32.080914,9.122351,36.297916,5684.846191,sanitizer
5,882843,31.899511,9.121488,36.772537,5684.846191,sanitizer
6,882898,31.629034,9.118351,36.572105,5684.846191,sanitizer
7,882953,31.608356,9.119692,36.37738,5684.846191,sanitizer
0,885568,31.112814,9.118351,39.313011,5684.846191,sanitizer
1,885622,31.002981,9.117786,39.447582,6443.817871,sanitizer
2,885677,31.339087,9.120646,38.902157,5684.846191,sanitizer
3,885732,31.372799,9.120796,38.614334,5684.846191,sanitizer
4,885788,32.111176,9.122581,37.274048,5684.846191,sanitizer
5,885843,31.9475,9.121811,37.783676,5684.846191,sanitizer
6,885898,31.669302,9.11846,37.450249,5684.846191,sanitizer
7,885953,31.641544,9.119849,37.379005,5684.846191,sanitizer
0,888568,31.125376,9.118413,39.249226,5684.846191,sanitizer
1,888622,31.028439,9.117766,39.384991,7220.216797,sanitizer
2,888677,31.344152,9.1207,39.1763,5684.846191,sanitizer
3,888732,31.395559,9.121078,38.887547,5684.846191,sanitizer
4,888788,32.126305,9.122641,38.077236,5684.846191,sanitizer
5,888843,31.972759,9.121895,38.428864,5684.846191,sanitizer
6,888898,31.691952,9.118761,38.207264,5684.846191,sanitizer
7,888953,31.679836,9.119922,38.103325,5684.846191,sanitizer
0,891568,31.112814,9.118279,39.064304,5684.846191,sanitizer
1,891622,31.018255,9.117754,39.306599,6115.039062,sanitizer
2,891677,31.366947,9.120754,39.071709,5684.846191,sanitizer
3,891732,31.408203,9.12112,38.912502,5684.846191,sanitizer
4,891788,32.12883,9.122551,38.195724,5684.846191,sanitizer
5,891843,31.987915,9.121886,38.531887,5684.846191,sanitizer
6,891898,31.707052,9.118845,38.528316,5684.846191,sanitizer
7,891953,31.700262,9.120136,38.34832,5684.846191,sanitizer
0,894568,31.102764,9.118309,38.331142,6840.530273,sanitizer
1,894622,31.028439,9.117679,38.631668,10204.082031,sanitizer
2,894677,31.377075,9.1207,38.165154,7043.803711,sanitizer
3,894732,31.425907,9.120934,38.07415,7644.529297,sanitizer
4,894788,32.136395,9.122591,37.053486,6686.167969,sanitizer
5,894843,31.990438,9.122013,37.254848,6686.167969,sanitizer
6,894898,31.702017,9.118596,37.512569,6306.661621,sanitizer
7,894953,31.697708,9.120204,37.03783,11235.955078,sanitizer
0,897568,31.070103,9.118148,37.710323,8228.335938,sanitizer
1,897622,31.000433,9.117924,37.984867,10631.229492,sanitizer
2,897677,31.341619,9.120318,37.329361,7617.233887,sanitizer
3,897732,31.385443,9.120875,37.251385,7119.020996,sanitizer
4,897788,32.121265,9.122388,36.062729,5684.846191,sanitizer
5,897843,31.985388,9.121666,36.33971,5684.846191,sanitizer
6,897898,31.696985,9.118346,36.667007,5684.846191,sanitizer
7,897954,31.690052,9.119895,36.192856,8755.129883,sanitizer
0,900568,31.072617,9.118078,37.41748,8048.289551,sanitizer
1,900622,31.010616,9.117849,37.826893,10663.112305,sanitizer
2,900677,31.349216,9.120536,37.024433,7694.157227,sanitizer
3,900732,31.400616,9.120778,37.083988,6993.006836,sanitizer
4,900788,32.149002,9.122615,35.745007,6632.124512,sanitizer
5,900843,31.982861,9.121614,35.98682,7249.660156,sanitizer
6,900898,31.727184,9.11869,36.161766,7772.649902,sanitizer
7,900953,31.692602,9.120111,35.685276,13967.699219,sanitizer
0,903568,31.087688,9.118195,37.255169,11465.424805,sanitizer
1,903622,31.028439,9.117944,37.822918,15751.907227,sanitizer
2,903677,31.346685,9.120554,36.853909,9075.439453,sanitizer
3,903732,31.410732,9.120944,36.997704,8363.826172,sanitizer
4,903788,32.154045,9.122348,35.60001,5684.846191,sanitizer
5,903843,31.998016,9.121848,35.86515,5684.846191,sanitizer
6,903898,31.739767,9.118491,35.894909,5684.846191,sanitizer
7,903953,31.71558,9.120275,35.518707,6884.681641,sanitizer
0,906568,31.095226,9.118129,36.946159,8923.591797,sanitizer
1,906622,31.036076,9.117971,37.482555,14904.517578,sanitizer
2,906677,31.359348,9.120627,36.720337,6719.865723,sanitizer
3,906732,31.41832,9.120699,36.882114,6961.061523,sanitizer
4,906788,32.207005,9.122748,36.153374,5684.846191,sanitizer
5,906843,32.038429,9.121887,36.421776,5684.846191,sanitizer
6,906898,31.787586,9.118921,36.489319,5684.846191,sanitizer
7,906954,31.746216,9.120127,36.245495,5684.846191,sanitizer
0,909568,31.117838,9.118056,37.024483,5684.846191,sanitizer
1,909622,31.064081,9.117884,37.485538,8072.653809,sanitizer
2,909677,31.377075,9.120572,37.050877,5684.846191,sanitizer
3,909732,31.438549,9.120712,37.07053,5684.846191,sanitizer
4,909788,32.217091,9.122698,36.592972,5684.846191,sanitizer
5,909843,32.048531,9.12213,36.935867,5684.846191,sanitizer
6,909898,31.787586,9.118834,37.004696,5684.846191,sanitizer
7,909953,31.764088,9.120215,36.956718,5684.846191,sanitizer
0,912568,31.155523,9.118484,37.449749,6408.972656,sanitizer
1,912622,31.071716,9.117824,37.77457,10620.643555,sanitizer
2,912677,31.415066,9.12079,37.472622,5684.846191,sanitizer
3,912732,31.476482,9.12093,37.325233,5931.417969,sanitizer
4,912788,32.234741,9.122598,36.688541,5684.846191,sanitizer
5,912843,32.063686,9.121878,37.108856,5684.846191,sanitizer
6,912898,31.825336,9.118939,37.290546,5684.846191,sanitizer
7,912953,31.789618,9.120418,37.21817,5684.846191,sanitizer
0,915568,31.160547,9.11819,37.520603,8592.911133,sanitizer
1,915622,31.092083,9.11778,37.924019,11331.444336,sanitizer
2,915677,31.415066,9.120808,37.266567,7818.226074,sanitizer
3,915732,31.473953,9.120731,37.307465,7062.458496,sanitizer
4,915788,32.24987,9.122819,36.649132,5684.846191,sanitizer
5,915843,32.078838,9.122092,36.820988,5684.846191,sanitizer
6,915898,31.837917,9.118987,37.338909,5684.846191,sanitizer
7,915953,31.787064,9.120504,37.00029,7722.007812,sanitizer
0,918568,31.178135,9.118307,37.575245,7494.14502,sanitizer
1,918622,31.114996,9.118003,38.168285,9411.764648,sanitizer
2,918677,31.425198,9.1207,37.079483,9044.658203,sanitizer
3,918732,31.48407,9.120524,37.296871,7563.223633,sanitizer
4,918788,32.244827,9.122783,36.320915,6247.55957,sanitizer
5,918843,32.081367,9.122125,36.343868,7536.504883,sanitizer
6,918898,31.822819,9.118868,36.95565,6175.22168,sanitizer
7,918953,31.769192,9.12038,36.335648,11962.617188,sanitizer
0,921568,31.203259,9.118271,37.548615,8072.653809,sanitizer
1,921622,31.137909,9.117999,38.188469,10262.989258,sanitizer
2,921677,31.453058,9.120699,36.894466,10059.729492,sanitizer
3,921732,31.499243,9.12057,37.123573,8443.271484,sanitizer
4,921788,32.23222,9.122364,35.741959,8476.821289,sanitizer
5,921843,32.088943,9.121699,35.780712,10155.505859,sanitizer
6,921899,31.820301,9.118549,36.282375,9052.333984,sanitizer
7,921953,31.799829,9.120304,35.614716,17772.841797,sanitizer
0,1575568,30.964584,9.114861,36.053288,52149.113281,isopropylAlcohol
1,1575623,31.038624,9.115033,36.067081,80250.78125,isopropylAlcohol
2,1575677,31.222584,9.117235,35.578831,41857.421875,isopropylAlcohol
3,1575732,31.491657,9.116751,35.130779,49602.789062,isopropylAlcohol
4,1575788,32.388569,9.1188,33.335804,36866.359375,isopropylAlcohol
5,1575843,31.864151,9.118251,34.101788,35020.519531,isopropylAlcohol
6,1575898,31.946136,9.115183,33.648354,38496.242188,isopropylAlcohol
7,1575954,31.598141,9.117,33.822079,63194.273438,isopropylAlcohol
0,1578568,30.906799,9.114875,35.855881,12265.235352,isopropylAlcohol
1,1578622,30.982615,9.11519,35.787838,21262.458984,isopropylAlcohol
2,1578677,31.146603,9.11711,35.117893,19619.865234,isopropylAlcohol
3,1578732,31.408203,9.116664,34.61113,16145.307617,isopropylAlcohol
4,1578788,32.30283,9.118979,32.909348,15717.092773,isopropylAlcohol
5,1578843,31.760599,9.118179,33.697788,21717.0,isopropylAlcohol
6,1578899,31.825336,9.115368,33.315304,19300.361328,isopropylAlcohol
7,1578953,31.480703,9.116834,33.517265,38565.832031,isopropylAlcohol
0,1581568,30.869114,9.114886,34.570244,13355.592773,isopropylAlcohol
1,1581622,30.92915,9.114891,33.893147,17684.443359,isopropylAlcohol
2,1581677,31.108612,9.117183,33.986973,17862.126953,isopropylAlcohol
3,1581732,31.367743,9.116677,32.941906,12802.560547,isopropylAlcohol
4,1581788,32.247353,9.118831,31.532061,12643.223633,isopropylAlcohol
5,1581843,31.717661,9.118071,32.765472,17582.417969,isopropylAlcohol
6,1581898,31.769968,9.115247,32.430218,17539.052734,isopropylAlcohol
7,1581953,31.450069,9.117035,33.003868,31204.291016,isopropylAlcohol
0,1584568,30.851528,9.114802,34.235374,14558.689453,isopropylAlcohol
1,1584622,30.911331,9.115081,33.255367,20138.451172,isopropylAlcohol
2,1584677,31.080753,9.117147,33.811581,23607.525391,isopropylAlcohol
3,1584732,31.32728,9.116866,32.615108,18806.935547,isopropylAlcohol
4,1584788,32.181786,9.11891,31.299486,19024.970703,isopropylAlcohol
5,1584844,31.674723,9.118132,32.589058,24931.826172,isopropylAlcohol
6,1584898,31.719635,9.115286,32.17506,22543.148438,isopropylAlcohol
7,1584954,31.432199,9.116858,32.847645,42314.050781,isopropylAlcohol
0,1587568,30.816355,9.114833,34.329456,7541.833496,isopropylAlcohol
1,1587622,30.883326,9.114919,33.344173,14343.34375,isopropylAlcohol
2,1587677,31.05036,9.117238,33.843113,13297.319336,isopropylAlcohol
3,1587732,31.291876,9.116827,32.713623,12077.750977,isopropylAlcohol
4,1587788,32.136395,9.119016,31.272667,10107.390625,isopropylAlcohol
5,1587843,31.644415,9.118074,32.488625,13206.768555,isopropylAlcohol
6,1587899,31.712086,9.115105,31.981165,10770.78418,isopropylAlcohol
7,1587953,31.432199,9.116876,32.590496,18043.416016,isopropylAlcohol
0,1590568,30.818867,9.114852,32.992283,9965.743164,isopropylAlcohol
1,1590622,30.870596,9.114866,32.038486,15267.175781,isopropylAlcohol
2,1590677,31.032633,9.117129,32.638096,16520.392578,isopropylAlcohol
3,1590732,31.264059,9.116775,31.464846,12848.825195,isopropylAlcohol
4,1590788,32.106133,9.118931,29.929983,7344.50293,isopropylAlcohol
5,1590843,31.634312,9.118188,31.026474,12057.272461,isopropylAlcohol
6,1590898,31.689434,9.115047,30.785786,9624.060547,isopropylAlcohol
7,1590953,31.432199,9.117054,31.102009,18290.939453,isopropylAlcohol
0,1593568,30.788717,9.115077,33.371105,18991.097656,isopropylAlcohol
1,1593622,30.8375,9.114947,32.421528,22735.345703,isopropylAlcohol
2,1593677,31.007305,9.11722,33.035694,24587.015625,isopropylAlcohol
3,1593732,31.233713,9.116736,31.799305,17728.53125,isopropylAlcohol
4,1593788,32.080914,9.119118,29.821301,10282.776367,isopropylAlcohol
5,1593843,31.626734,9.11822,31.162157,17892.087891,isopropylAlcohol
6,1593898,31.666784,9.115219,30.688011,12188.154297,isopropylAlcohol
7,1593953,31.43475,9.117181,31.221006,27880.636719,isopropylAlcohol
0,1596568,30.74852,9.115295,33.635532,28287.292969,isopropylAlcohol
1,1596622,30.804407,9.114799,32.628914,35634.742188,isopropylAlcohol
2,1596677,30.987045,9.117331,33.325844,32364.095703,isopropylAlcohol
3,1596732,31.203365,9.116917,32.016094,28027.150391,isopropylAlcohol
4,1596788,32.048134,9.119194,30.137897,19458.802734,isopropylAlcohol
5,1596843,31.619156,9.118254,31.673979,26462.683594,isopropylAlcohol
6,1596898,31.636585,9.115277,30.882389,19494.365234,isopropylAlcohol
7,1596953,31.42454,9.117278,31.718752,40429.5625,isopropylAlcohol
0,1599568,30.723398,9.115383,33.907581,32388.664062,isopropylAlcohol
1,1599622,30.784039,9.114912,33.037434,41531.472656,isopropylAlcohol
2,1599677,30.981979,9.117419,33.612255,38565.832031,isopropylAlcohol
3,1599732,31.185663,9.117101,32.437656,35106.964844,isopropylAlcohol
4,1599789,32.025436,9.119274,30.884064,28609.746094,isopropylAlcohol
5,1599843,31.619156,9.118403,32.251247,32711.474609,isopropylAlcohol
6,1599898,31.606384,9.115458,31.591383,27222.458984,isopropylAlcohol
7,1599953,31.393902,9.1173,32.278877,51057.039062,isopropylAlcohol
0,1602568,30.710836,9.11548,34.009415,31090.599609,isopropylAlcohol
1,1602622,30.768764,9.11505,33.178749,42609.855469,isopropylAlcohol
2,1602677,30.966785,9.117384,33.76017,37350.453125,isopropylAlcohol
3,1602732,31.162903,9.11689,32.661697,35020.519531,isopropylAlcohol
4,1602788,32.020393,9.119452,31.358101,32561.689453,isopropylAlcohol
5,1602843,31.619156,9.118291,32.595234,35934.867188,isopropylAlcohol
6,1602898,31.583735,9.115333,32.037251,30600.046875,isopropylAlcohol
7,1602953,31.37348,9.117315,32.624874,55220.015625,isopropylAlcohol
0,1605568,30.680689,9.115425,34.316025,37317.785156,isopropylAlcohol
1,1605622,30.750942,9.115186,33.669189,53860.71875,isopropylAlcohol
2,1605677,30.951588,9.117511,34.000324,41898.527344,isopropylAlcohol
3,1605733,31.15279,9.117242,33.091431,41571.9375,isopropylAlcohol
4,1605788,32.002739,9.119336,31.809755,37514.652344,isopropylAlcohol
5,1605843,31.616632,9.118595,32.882248,38426.898438,isopropylAlcohol
6,1605898,31.566116,9.115403,32.41655,34848.898438,isopropylAlcohol
7,1605953,31.363266,9.117431,32.881077,59618.070312,isopropylAlcohol
0,1608568,30.653051,9.115354,34.922745,49174.03125,isopropylAlcohol
1,1608622,30.745853,9.115056,34.542435,69021.296875,isopropylAlcohol
2,1608677,30.931326,9.11733,34.384563,46309.695312,isopropylAlcohol
3,1608732,31.137615,9.116982,33.698402,49892.808594,isopropylAlcohol
4,1608788,32.002739,9.119372,32.184757,40353.089844,isopropylAlcohol
5,1608843,31.629261,9.118517,33.159744,40391.289062,isopropylAlcohol
6,1608898,31.603867,9.115754,32.756439,36898.242188,isopropylAlcohol
7,1608953,31.381138,9.117307,33.134678,61776.0625,isopropylAlcohol
0,1611568,30.620392,9.115508,35.201988,56537.101562,isopropylAlcohol
1,1611622,30.717846,9.115108,35.041954,78769.234375,isopropylAlcohol
2,1611678,30.898401,9.11742,34.537201,50186.238281,isopropylAlcohol
3,1611732,31.114857,9.117467,33.958473,53962.902344,isopropylAlcohol
4,1611788,31.985088,9.119311,32.365231,43611.585938,isopropylAlcohol
5,1611844,31.611578,9.118323,33.261768,42440.316406,isopropylAlcohol
6,1611898,31.596317,9.115572,32.915573,39640.753906,isopropylAlcohol
7,1611953,31.376032,9.117266,33.191498,64728.191406,isopropylAlcohol
0,1614568,30.577679,9.115443,35.290028,52117.265625,isopropylAlcohol
1,1614622,30.689844,9.115247,35.18956,76235.851562,isopropylAlcohol
2,1614677,30.85788,9.117311,34.567833,48558.421875,isopropylAlcohol
3,1614732,31.08198,9.117232,34.057995,51926.976562,isopropylAlcohol
4,1614788,31.949787,9.119259,32.470123,44290.65625,isopropylAlcohol
5,1614843,31.571167,9.11819,33.286671,43170.320312,isopropylAlcohol
6,1614898,31.566116,9.115491,32.986942,41330.320312,isopropylAlcohol
7,1614953,31.342844,9.117358,33.245609,66597.296875,isopropylAlcohol
0,1617568,30.545019,9.115421,35.177071,41370.394531,isopropylAlcohol
1,1617622,30.654202,9.115269,34.931507,57605.761719,isopropylAlcohol
2,1617677,30.845215,9.117221,34.474152,45373.980469,isopropylAlcohol
3,1617732,31.059219,9.117344,33.838921,41734.59375,isopropylAlcohol
4,1617788,31.939697,9.119129,32.224308,29581.697266,isopropylAlcohol
5,1617843,31.568644,9.118327,33.055992,34934.496094,isopropylAlcohol
6,1617898,31.535915,9.115498,32.88121,34735.414062,isopropylAlcohol
7,1617954,31.322418,9.117072,33.117558,58554.4375,isopropylAlcohol
0,1620568,30.504822,9.11534,35.069214,48836.320312,isopropylAlcohol
1,1620623,30.600742,9.115533,34.67791,65877.507812,isopropylAlcohol
2,1620678,30.80216,9.11733,34.429462,48093.179688,isopropylAlcohol
3,1620732,31.01623,9.117229,33.697937,46460.980469,isopropylAlcohol
4,1620788,31.91448,9.119117,32.074066,35934.867188,isopropylAlcohol
5,1620843,31.558538,9.118423,33.008968,39788.621094,isopropylAlcohol
6,1620898,31.520817,9.115709,32.754196,37680.304688,isopropylAlcohol
7,1620953,31.314762,9.117296,33.053822,63808.574219,isopropylAlcohol
0,1623568,30.457088,9.115343,35.104767,50844.089844,isopropylAlcohol
1,1623622,30.560007,9.115549,34.656544,66184.078125,isopropylAlcohol
2,1623677,30.766703,9.117292,34.49522,49951.21875,isopropylAlcohol
3,1623732,30.978296,9.117205,33.734112,49344.640625,isopropylAlcohol
4,1623788,31.879177,9.119155,32.087788,39457.460938,isopropylAlcohol
5,1623843,31.528233,9.118234,33.080868,42146.855469,isopropylAlcohol
6,1623898,31.488102,9.115521,32.733948,39131.765625,isopropylAlcohol
7,1623953,31.291784,9.11722,33.085968,65674.703125,isopropylAlcohol
0,1626568,30.449551,9.115269,34.919624,29934.517578,isopropylAlcohol
1,1626623,30.542187,9.115296,34.280384,39421.003906,isopropylAlcohol
2,1626677,30.759104,9.117074,34.355946,36209.335938,isopropylAlcohol
3,1626732,30.960596,9.117052,33.419357,30710.171875,isopropylAlcohol
4,1626788,31.879177,9.119336,31.996874,32413.269531,isopropylAlcohol
5,1626843,31.523178,9.118242,33.063114,38565.832031,isopropylAlcohol
6,1626898,31.455383,9.11528,32.725117,37547.667969,isopropylAlcohol
7,1626953,31.279018,9.117135,33.130554,64875.824219,isopropylAlcohol
0,1629568,30.439503,9.115384,34.849525,42737.898438,isopropylAlcohol
1,1629622,30.52182,9.115305,34.146118,54654.140625,isopropylAlcohol
2,1629678,30.746441,9.117311,34.291241,43301.757812,isopropylAlcohol
3,1629732,30.940365,9.117003,33.315102,40201.003906,isopropylAlcohol
4,1629788,31.864048,9.119203,32.001129,36025.894531,isopropylAlcohol
5,1629843,31.520655,9.118247,33.080139,41330.320312,isopropylAlcohol
6,1629899,31.452869,9.115313,32.759102,37948.414062,isopropylAlcohol
7,1629953,31.273914,9.117113,33.187359,65877.507812,isopropylAlcohol
0,1632568,30.424427,9.115426,34.917107,31480.570312,isopropylAlcohol
1,1632622,30.501453,9.115524,34.247601,39167.6875,isopropylAlcohol
2,1632677,30.731247,9.117311,34.324345,35634.742188,isopropylAlcohol
3,1632733,30.917606,9.117148,33.375404,28900.429688,isopropylAlcohol
4,1632788,31.859003,9.119452,31.977932,26896.40625,isopropylAlcohol
5,1632843,31.5156,9.118369,33.068138,36519.257812,isopropylAlcohol
6,1632898,31.442801,9.115321,32.723911,32611.464844,isopropylAlcohol
7,1632953,31.258595,9.117097,33.180145,61686.746094,isopropylAlcohol
0,1635568,30.411865,9.115364,34.720188,31295.84375,isopropylAlcohol
1,1635622,30.475994,9.115631,33.917645,39203.675781,isopropylAlcohol
2,1635677,30.713516,9.117147,34.063274,37285.171875,isopropylAlcohol
3,1635732,30.910019,9.117198,32.988701,31067.960938,isopropylAlcohol
4,1635788,31.833786,9.119188,31.640858,28744.666016,isopropylAlcohol
5,1635843,31.51055,9.118397,32.86631,38049.941406,isopropylAlcohol
6,1635898,31.422668,9.115355,32.562382,33481.558594,isopropylAlcohol
7,1635953,31.248383,9.11723,33.127602,63241.105469,isopropylAlcohol
0,1638568,30.401815,9.115376,34.621452,16012.008789,isopropylAlcohol
1,1638622,30.46072,9.115417,33.686787,19820.376953,isopropylAlcohol
2,1638677,30.700855,9.11713,34.033249,25376.685547,isopropylAlcohol
3,1638732,30.889786,9.117096,32.811142,15567.988281,isopropylAlcohol
4,1638788,31.826221,9.119042,31.32317,12195.12207,isopropylAlcohol
5,1638843,31.497921,9.118157,32.646809,22808.267578,isopropylAlcohol
6,1638898,31.412601,9.115204,32.231354,15810.276367,isopropylAlcohol
7,1638953,31.238171,9.117204,32.886238,35664.53125,isopropylAlcohol
0,1641568,30.394278,9.115247,34.184544,25346.535156,isopropylAlcohol
1,1641622,30.450537,9.115282,33.073959,28802.880859,isopropylAlcohol
2,1641677,30.690723,9.117219,33.629837,32586.558594,isopropylAlcohol
3,1641732,30.882202,9.117056,32.171982,22614.841797,isopropylAlcohol
4,1641788,31.821177,9.119021,30.364569,14343.34375,isopropylAlcohol
5,1641843,31.497921,9.118402,31.959539,26090.501953,isopropylAlcohol
6,1641898,31.412601,9.11531,31.245493,15976.036133,isopropylAlcohol
7,1641953,31.238171,9.117096,32.133247,38392.320312,isopropylAlcohol
0,1644568,30.376694,9.115428,34.331882,31667.492188,isopropylAlcohol
1,1644622,30.440353,9.115567,33.227142,32989.691406,isopropylAlcohol
2,1644677,30.675528,9.11722,33.760456,35754.191406,isopropylAlcohol
3,1644732,30.864498,9.117099,32.27747,23581.429688,isopropylAlcohol
4,1644788,31.81361,9.119181,30.060846,12371.931641,isopropylAlcohol
5,1644844,31.482767,9.118167,31.758263,23778.5625,isopropylAlcohol
6,1644898,31.412601,9.115204,30.771889,13264.249023,isopropylAlcohol
7,1644953,31.248383,9.117266,31.804533,33040.785156,isopropylAlcohol
0,1647568,30.359106,9.115382,34.163891,24128.181641,isopropylAlcohol
1,1647622,30.419989,9.115505,33.042511,27101.417969,isopropylAlcohol
2,1647677,30.642603,9.117038,33.504654,29809.035156,isopropylAlcohol
3,1647732,30.844269,9.117122,31.931835,18338.109375,isopropylAlcohol
4,1647788,31.790915,9.119062,29.493732,9694.032227,isopropylAlcohol
5,1647843,31.465088,9.118293,31.272388,18974.207031,isopropylAlcohol
6,1647898,31.394983,9.115188,30.079567,10413.277344,isopropylAlcohol
7,1647953,31.233067,9.117376,31.281675,26462.683594,isopropylAlcohol
0,1650568,30.336496,9.115226,33.761135,7881.773438,isopropylAlcohol
1,1650622,30.402166,9.11534,32.539612,12918.853516,isopropylAlcohol
2,1650677,30.64007,9.117183,32.971901,12764.259766,isopropylAlcohol
3,1650732,30.839209,9.117227,31.263086,8449.959961,isopropylAlcohol
4,1650789,31.793438,9.119063,28.725391,6090.597656,isopropylAlcohol
5,1650843,31.470139,9.118134,30.591911,11142.061523,isopropylAlcohol
6,1650898,31.392467,9.115169,29.347279,7339.449707,isopropylAlcohol
7,1650953,31.243277,9.117422,30.644651,17982.580078,isopropylAlcohol
0,1653568,30.326447,9.115166,32.859974,9606.724609,isopropylAlcohol
1,1653622,30.386892,9.115496,31.540819,13831.856445,isopropylAlcohol
2,1653677,30.629938,9.117219,31.9002,14460.008789,isopropylAlcohol
3,1653732,30.821508,9.117089,30.095098,9470.257812,isopropylAlcohol
4,1653788,31.783352,9.119005,27.755806,6090.597656,isopropylAlcohol
5,1653843,31.465088,9.118444,29.694048,10992.786133,isopropylAlcohol
6,1653898,31.372334,9.115394,28.484156,6728.343262,isopropylAlcohol
7,1653953,31.227961,9.117371,29.873533,17144.388672,isopropylAlcohol
0,1656568,30.301321,9.115411,32.863258,10362.694336,isopropylAlcohol
1,1656622,30.366526,9.115628,31.538946,15267.175781,isopropylAlcohol
2,1656677,30.602081,9.117146,32.005463,17982.580078,isopropylAlcohol
3,1656732,30.798748,9.117235,30.143112,11514.933594,isopropylAlcohol
4,1656788,31.755611,9.119189,27.797632,8228.335938,isopropylAlcohol
5,1656843,31.439831,9.118396,29.866348,15775.203125,isopropylAlcohol
6,1656898,31.3522,9.115497,28.487982,9083.167969,isopropylAlcohol
7,1656953,31.210089,9.117673,30.034542,25452.376953,isopropylAlcohol
0,1659568,30.288761,9.115437,32.867741,7123.775391,isopropylAlcohol
1,1659622,30.341068,9.115611,31.463207,10759.918945,isopropylAlcohol
2,1659677,30.591949,9.117127,32.021557,11343.495117,isopropylAlcohol
3,1659732,30.788631,9.117301,30.014389,7385.183594,isopropylAlcohol
4,1659788,31.743002,9.119256,27.44388,5684.846191,isopropylAlcohol
5,1659843,31.439831,9.118301,29.495037,8311.688477,isopropylAlcohol
6,1659898,31.354717,9.115307,28.084307,5684.846191,isopropylAlcohol
7,1659953,31.220301,9.117468,29.609726,12321.910156,isopropylAlcohol
0,1662568,30.288761,9.115419,32.329071,7109.53125,isopropylAlcohol
1,1662622,30.335978,9.115499,30.910631,9882.643555,isopropylAlcohol
2,1662677,30.591949,9.117272,31.324633,10958.904297,isopropylAlcohol
3,1662732,30.781046,9.117189,29.271255,6880.240723,isopropylAlcohol
4,1662788,31.770742,9.119431,26.710497,5684.846191,isopropylAlcohol
5,1662843,31.444881,9.118274,28.789238,7940.446777,isopropylAlcohol
6,1662898,31.377369,9.115767,27.369753,5684.846191,isopropylAlcohol
7,1662953,31.220301,9.117468,28.945633,12436.84375,isopropylAlcohol
0,1665568,30.286249,9.115295,32.063053,8103.317383,isopropylAlcohol
1,1665622,30.328339,9.115489,30.561722,10557.571289,isopropylAlcohol
2,1665677,30.584351,9.117219,31.007723,12531.819336,isopropylAlcohol
3,1665732,30.768402,9.117181,28.812197,7462.686523,isopropylAlcohol
4,1665788,31.765697,9.119573,26.174513,5684.846191,isopropylAlcohol
5,1665843,31.444881,9.118255,28.242332,8109.478027,isopropylAlcohol
6,1665898,31.364786,9.115841,26.803663,5684.846191,isopropylAlcohol
7,1665953,31.225407,9.117652,28.301653,12487.804688,isopropylAlcohol
0,1668568,30.268661,9.115423,32.231003,8146.639648,isopropylAlcohol
1,1668622,30.31052,9.115676,30.689201,10262.989258,isopropylAlcohol
2,1668677,30.566624,9.116983,31.09639,10847.458008,isopropylAlcohol
3,1668732,30.750698,9.117311,28.865782,6587.072754,isopropylAlcohol
4,1668788,31.748047,9.1196,25.873449,5684.846191,isopropylAlcohol
5,1668843,31.437305,9.118457,27.957916,6550.665527,isopropylAlcohol
6,1668898,31.359751,9.11603,26.39325,5684.846191,isopropylAlcohol
7,1668953,31.235617,9.117839,27.920568,9782.941406,isopropylAlcohol
0,1671568,30.26615,9.115458,31.784601,5684.846191,isopropylAlcohol
1,1671622,30.292698,9.115495,30.272741,8097.166016,isopropylAlcohol
2,1671678,30.553959,9.117274,30.363396,7573.964355,isopropylAlcohol
3,1671732,30.738056,9.11727,28.188515,5684.846191,isopropylAlcohol
4,1671788,31.743002,9.119849,25.340731,5684.846191,isopropylAlcohol
5,1671843,31.437305,9.118588,27.264774,5895.357422,isopropylAlcohol
6,1671898,31.32955,9.115966,26.02018,5684.846191,isopropylAlcohol
7,1671953,31.222855,9.118148,27.483479,10781.670898,isopropylAlcohol
0,1674568,30.281223,9.115662,31.442389,6587.072754,isopropylAlcohol
1,1674622,30.295242,9.11569,29.892776,7905.138184,isopropylAlcohol
2,1674677,30.566624,9.117383,30.027979,9216.589844,isopropylAlcohol
3,1674732,30.753229,9.117883,27.78451,5684.846191,isopropylAlcohol
4,1674788,31.725351,9.11977,25.209324,5684.846191,isopropylAlcohol
5,1674843,31.429728,9.118733,27.402502,6498.78125,isopropylAlcohol
6,1674898,31.327036,9.116522,25.998207,5684.846191,isopropylAlcohol
7,1674953,31.202429,9.118127,27.801767,11004.126953,isopropylAlcohol
0,1677568,30.281223,9.115662,30.981749,5706.134277,isopropylAlcohol
1,1677622,30.292698,9.115635,29.468821,7806.782227,isopropylAlcohol
2,1677677,30.566624,9.117291,29.619555,8690.928711,isopropylAlcohol
3,1677732,30.750698,9.118007,27.325668,5684.846191,isopropylAlcohol
4,1677788,31.72031,9.120037,24.981657,5684.846191,isopropylAlcohol
5,1677843,31.429728,9.118827,27.076206,5749.191406,isopropylAlcohol
6,1677898,31.311935,9.117051,25.822968,5684.846191,isopropylAlcohol
7,1677953,31.184559,9.118252,27.684347,10282.776367,isopropylAlcohol
0,1680568,30.268661,9.115809,31.396238,6947.459961,isopropylAlcohol
1,1680622,30.272329,9.115677,29.801453,8991.290039,isopropylAlcohol
2,1680678,30.556492,9.117492,29.976667,10050.250977,isopropylAlcohol
3,1680732,30.727942,9.117887,27.558386,6302.93457,isopropylAlcohol
4,1680788,31.695089,9.120276,24.882456,5684.846191,isopropylAlcohol
5,1680843,31.412048,9.118823,27.036108,7515.265625,isopropylAlcohol
6,1680899,31.271667,9.117064,25.662294,5684.846191,isopropylAlcohol
7,1680953,31.156475,9.118348,27.599279,13707.431641,isopropylAlcohol
0,1683568,30.230976,9.115714,31.454664,9208.632812,isopropylAlcohol
1,1683622,30.257055,9.115815,29.900589,11666.058594,isopropylAlcohol
2,1683677,30.538763,9.117436,30.328352,13913.043945,isopropylAlcohol
3,1683732,30.690008,9.117844,27.883205,8109.478027,isopropylAlcohol
4,1683788,31.647177,9.120309,25.436357,5684.846191,isopropylAlcohol
5,1683843,31.384266,9.118912,27.931242,9520.975586,isopropylAlcohol
6,1683898,31.221334,9.117173,26.218622,5715.306152,isopropylAlcohol
7,1683953,31.113073,9.1182,28.486244,16967.126953,isopropylAlcohol
0,1686568,30.208364,9.115733,32.027554,13272.500977,isopropylAlcohol
1,1686623,30.226507,9.115705,30.457296,15062.367188,isopropylAlcohol
2,1686677,30.521036,9.117381,30.945591,17103.154297,isopropylAlcohol
3,1686733,30.659662,9.117701,28.472851,9272.674805,isopropylAlcohol
4,1686788,31.611874,9.120313,25.868206,5684.846191,isopropylAlcohol
5,1686843,31.348904,9.118845,28.445999,10589.013672,isopropylAlcohol
6,1686898,31.178553,9.117132,26.548069,6160.955078,isopropylAlcohol
7,1686953,31.079885,9.11845,28.916853,18923.712891,isopropylAlcohol
0,1689568,30.185755,9.11577,32.376007,10262.989258,isopropylAlcohol
1,1689622,30.20105,9.115723,30.724279,12009.757812,isopropylAlcohol
2,1689677,30.500772,9.117381,31.18071,13239.552734,isopropylAlcohol
3,1689732,30.639431,9.117902,28.614061,7162.041016,isopropylAlcohol
4,1689788,31.584133,9.120584,25.740953,5684.846191,isopropylAlcohol
5,1689843,31.33375,9.11906,28.227388,7119.020996,isopropylAlcohol
6,1689898,31.150867,9.117209,26.360256,5684.846191,isopropylAlcohol
7,1689953,31.072226,9.118461,28.62155,11577.423828,isopropylAlcohol
0,1692568,30.160633,9.115945,32.20393,5684.846191,isopropylAlcohol
1,1692622,30.180683,9.115855,30.498045,8298.754883,isopropylAlcohol
2,1692677,30.483044,9.117417,30.739357,7766.990234,isopropylAlcohol
3,1692732,30.616673,9.11803,28.189302,5684.846191,isopropylAlcohol
4,1692788,31.563961,9.120953,25.278173,5684.846191,isopropylAlcohol
5,1692843,31.31102,9.119195,27.553352,5684.846191,isopropylAlcohol
6,1692898,31.12822,9.117731,25.873835,5684.846191,isopropylAlcohol
7,1692953,31.051804,9.118867,27.949442,9837.073242,isopropylAlcohol
0,1695568,30.173193,9.115954,31.483118,5684.846191,isopropylAlcohol
1,1695622,30.185772,9.116018,29.989256,7515.265625,isopropylAlcohol
2,1695677,30.48811,9.117543,29.769182,6475.111328,isopropylAlcohol
3,1695732,30.659662,9.118465,27.49819,5684.846191,isopropylAlcohol
4,1695788,31.584133,9.121052,25.10648,5684.846191,isopropylAlcohol
5,1695844,31.341328,9.119646,27.080057,6758.183594,isopropylAlcohol
6,1695898,31.100534,9.118018,25.980417,5684.846191,isopropylAlcohol
7,1695953,31.021168,9.118731,27.819828,14760.147461,isopropylAlcohol
0,1698568,30.183243,9.116313,31.698023,10869.56543,isopropylAlcohol
1,1698622,30.193411,9.115994,30.3367,15289.058594,isopropylAlcohol
2,1698677,30.493176,9.117653,30.021482,12429.597656,isopropylAlcohol
3,1698732,30.674835,9.118849,28.018805,9606.724609,isopropylAlcohol
4,1698788,31.606831,9.121296,26.069262,7114.272949,isopropylAlcohol
5,1698843,31.341328,9.119421,27.949881,10652.463867,isopropylAlcohol
6,1698898,31.125702,9.118322,27.255728,7750.060547,isopropylAlcohol
7,1698953,31.026272,9.118914,28.901115,20685.197266,isopropylAlcohol
0,1701568,30.165655,9.116301,32.566704,13681.060547,isopropylAlcohol
1,1701622,30.208685,9.11633,31.389008,16753.925781,isopropylAlcohol
2,1701677,30.505838,9.117978,31.09086,16206.634766,isopropylAlcohol
3,1701732,30.664719,9.118735,29.283279,10557.571289,isopropylAlcohol
4,1701789,31.601788,9.121131,26.976292,6583.007812,isopropylAlcohol
5,1701843,31.351431,9.11974,28.809174,11235.955078,isopropylAlcohol
6,1701898,31.150867,9.1184,27.956799,7294.27832,isopropylAlcohol
7,1701953,31.04925,9.119132,29.505297,20100.501953,isopropylAlcohol
0,1704568,30.178217,9.116186,32.914028,10759.918945,isopropylAlcohol
1,1704622,30.216324,9.116605,31.71155,13894.919922,isopropylAlcohol
2,1704677,30.513437,9.11807,31.566324,14668.805664,isopropylAlcohol
3,1704732,30.674835,9.118761,29.693659,9137.635742,isopropylAlcohol
4,1704788,31.604309,9.121384,27.130136,5951.273926,isopropylAlcohol
5,1704843,31.356482,9.119919,29.078234,10213.852539,isopropylAlcohol
6,1704898,31.176035,9.118354,27.997534,6686.167969,isopropylAlcohol
7,1704953,31.072226,9.119367,29.607918,17832.265625,isopropylAlcohol
0,1707568,30.183243,9.116313,33.369678,19213.449219,isopropylAlcohol
1,1707622,30.226507,9.11676,32.142723,21476.509766,isopropylAlcohol
2,1707677,30.503305,9.118051,32.251953,24658.0625,isopropylAlcohol
3,1707732,30.669779,9.118918,30.426552,16727.652344,isopropylAlcohol
4,1707788,31.616917,9.121569,27.725397,8318.169922,isopropylAlcohol
5,1707843,31.353954,9.119904,29.729267,14801.110352,isopropylAlcohol
6,1707898,31.183584,9.118536,28.362936,8171.603516,isopropylAlcohol
7,1707953,31.090097,9.119402,29.979033,22099.447266,isopropylAlcohol
0,1710568,30.190781,9.116598,34.095814,24488.234375,isopropylAlcohol
1,1710622,30.223959,9.116546,32.875576,25713.138672,isopropylAlcohol
2,1710677,30.510904,9.118234,33.19973,30888.03125,isopropylAlcohol
3,1710732,30.667248,9.118951,31.499592,20525.978516,isopropylAlcohol
4,1710788,31.609354,9.121638,28.465521,9947.155273,isopropylAlcohol
5,1710843,31.371637,9.120116,30.492481,17553.482422,isopropylAlcohol
6,1710898,31.206234,9.118575,28.886015,9828.009766,isopropylAlcohol
7,1710953,31.113073,9.119353,30.514675,26644.462891,isopropylAlcohol
0,1713568,30.198315,9.116692,34.09655,8376.962891,isopropylAlcohol
1,1713622,30.226507,9.116742,32.830257,12174.244141,isopropylAlcohol
2,1713677,30.503305,9.118159,33.033123,12321.910156,isopropylAlcohol
3,1713732,30.662191,9.119231,31.314102,7864.340332,isopropylAlcohol
4,1713788,31.614395,9.121839,28.227823,5684.846191,isopropylAlcohol
5,1713843,31.376688,9.120031,30.159575,8842.22168,isopropylAlcohol
6,1713898,31.218817,9.118833,28.681723,5934.718262,isopropylAlcohol
7,1713953,31.128393,9.11935,30.274277,14862.981445,isopropylAlcohol
0,1716568,30.203342,9.116502,33.217834,6412.825684,isopropylAlcohol
1,1716622,30.223959,9.116668,31.995159,10547.132812,isopropylAlcohol
2,1716677,30.508371,9.118015,32.019436,9495.548828,isopropylAlcohol
3,1716732,30.664719,9.119039,30.264669,7039.155273,isopropylAlcohol
4,1716788,31.647177,9.122068,27.70586,6182.380371,isopropylAlcohol
5,1716843,31.381739,9.11989,29.630463,9947.155273,isopropylAlcohol
6,1716898,31.216303,9.118795,28.465359,7661.000488,isopropylAlcohol
7,1716953,31.128393,9.11944,30.094606,20349.761719,isopropylAlcohol
0,1719568,30.215902,9.116546,33.224731,10464.355469,isopropylAlcohol
1,1719622,30.226507,9.11653,31.984074,13422.818359,isopropylAlcohol
2,1719677,30.513437,9.118016,31.912058,12981.744141,isopropylAlcohol
3,1719732,30.659662,9.118982,30.119646,8409.987305,isopropylAlcohol
4,1719788,31.61944,9.12175,27.571306,5684.846191,isopropylAlcohol
5,1719843,31.384266,9.120075,29.405922,8409.987305,isopropylAlcohol
6,1719898,31.206234,9.118681,28.580849,6004.878906,isopropylAlcohol
7,1719953,31.120733,9.119378,30.009785,14638.609375,isopropylAlcohol
0,1722568,30.22344,9.116236,33.510384,14115.571289,isopropylAlcohol
1,1722622,30.234142,9.116505,32.205814,15786.876953,isopropylAlcohol
2,1722677,30.51597,9.117906,32.145126,16727.652344,isopropylAlcohol
3,1722732,30.657131,9.118999,30.258432,10097.822266,isopropylAlcohol
4,1722788,31.632046,9.121917,27.390705,5684.846191,isopropylAlcohol
5,1722843,31.379211,9.119746,29.3269,9818.962891,isopropylAlcohol
6,1722898,31.198685,9.118674,28.32548,6439.927734,isopropylAlcohol
7,1722953,31.113073,9.119247,29.857777,16926.738281,isopropylAlcohol
0,1725568,30.21339,9.116281,33.74345,14096.916016,isopropylAlcohol
1,1725622,30.223959,9.116421,32.420521,14749.942383,isopropylAlcohol
2,1725677,30.505838,9.117706,32.434299,16886.542969,isopropylAlcohol
3,1725732,30.654606,9.118909,30.458614,9272.674805,isopropylAlcohol
4,1725788,31.609354,9.121819,27.284365,5684.846191,isopropylAlcohol
5,1725843,31.381739,9.119853,29.327118,8613.728516,isopropylAlcohol
6,1725898,31.206234,9.118523,28.071844,5684.846191,isopropylAlcohol
7,1725953,31.118183,9.119323,29.71825,14333.707031,isopropylAlcohol
0,1728568,30.215902,9.116106,33.852264,15466.40918,isopropylAlcohol
1,1728622,30.223959,9.116615,32.443241,16753.925781,isopropylAlcohol
2,1728677,30.513437,9.118052,32.514751,17669.794922,isopropylAlcohol
3,1728732,30.644489,9.119256,30.440998,10097.822266,isopropylAlcohol
4,1728788,31.629526,9.12224,27.038887,5684.846191,isopropylAlcohol
5,1728843,31.381739,9.120004,29.153263,9632.750977,isopropylAlcohol
6,1728898,31.228886,9.119175,27.748257,6193.148926,isopropylAlcohol
7,1728953,31.123287,9.11908,29.495003,16701.460938,isopropylAlcohol
0,1731568,30.203342,9.116485,33.959694,14821.676758,isopropylAlcohol
1,1731622,30.223959,9.116879,32.676319,17907.107422,isopropylAlcohol
2,1731677,30.513437,9.118161,32.794174,21828.103516,isopropylAlcohol
3,1731732,30.659662,9.119534,30.855124,12895.425781,isopropylAlcohol
4,1731788,31.606831,9.122427,27.851427,8968.610352,isopropylAlcohol
5,1731843,31.364059,9.120149,30.006151,16036.081055,isopropylAlcohol
6,1731898,31.198685,9.119216,28.558039,9809.932617,isopropylAlcohol
7,1731953,31.102863,9.119487,30.333803,28400.265625,isopropylAlcohol
0,1734568,30.203342,9.116642,33.599724,8783.969727,isopropylAlcohol
1,1734622,30.218868,9.116942,32.397327,12695.893555,isopropylAlcohol
2,1734677,30.503305,9.118216,32.513794,12965.963867,isopropylAlcohol
3,1734732,30.649546,9.11951,30.619797,8292.303711,isopropylAlcohol
4,1734788,31.599264,9.12228,28.14357,5684.846191,isopropylAlcohol
5,1734843,31.361532,9.120341,30.090515,9083.167969,isopropylAlcohol
6,1734898,31.173517,9.119295,29.066601,7186.166504,isopropylAlcohol
7,1734953,31.079885,9.11964,30.641161,17655.171875,isopropylAlcohol
0,1737568,30.195805,9.116391,33.68462,14618.546875,isopropylAlcohol
1,1737623,30.206141,9.116854,32.62344,17967.433594,isopropylAlcohol
2,1737677,30.503305,9.118033,32.473919,17481.5625,isopropylAlcohol
3,1737732,30.644489,9.119613,30.703018,10958.904297,isopropylAlcohol
4,1737788,31.606831,9.122409,27.928707,6623.887207,isopropylAlcohol
5,1737843,31.353954,9.120278,29.875641,11379.800781,isopropylAlcohol
6,1737898,31.171001,9.119485,28.905203,7727.602051,isopropylAlcohol
7,1737953,31.06712,9.119628,30.459915,21052.630859,isopropylAlcohol
0,1740568,30.180731,9.116644,33.871704,15245.354492,isopropylAlcohol
1,1740622,30.20105,9.116901,32.862007,20233.955078,isopropylAlcohol
2,1740677,30.510904,9.118305,32.79393,21390.375,isopropylAlcohol
3,1740732,30.649546,9.119546,31.055429,14450.214844,isopropylAlcohol
4,1740788,31.5917,9.122276,28.347681,9337.613281,isopropylAlcohol
5,1740843,31.356482,9.120294,30.389336,16597.509766,isopropylAlcohol
6,1740899,31.183584,9.119324,29.212135,10836.4375,isopropylAlcohol
7,1740953,31.079885,9.119534,30.87788,30039.896484,isopropylAlcohol
0,1743568,30.175705,9.116711,34.094337,16108.734375,isopropylAlcohol
1,1743622,30.190866,9.116905,33.157513,20725.388672,isopropylAlcohol
2,1743677,30.503305,9.118159,33.1189,25004.882812,isopropylAlcohol
3,1743732,30.641958,9.119719,31.469217,16012.008789,isopropylAlcohol
4,1743788,31.579092,9.122307,29.084993,12307.692383,isopropylAlcohol
5,1743843,31.359005,9.120363,31.069427,21220.158203,isopropylAlcohol
6,1743898,31.165966,9.119587,29.902508,13813.943359,isopropylAlcohol
7,1743953,31.064569,9.119661,31.475599,36178.632812,isopropylAlcohol
0,1746568,30.160633,9.116911,34.161575,17241.378906,isopropylAlcohol
1,1746622,30.185772,9.117074,33.294056,22980.251953,isopropylAlcohol
2,1746677,30.490643,9.11836,33.335194,27645.789062,isopropylAlcohol
3,1746732,30.634373,9.119785,31.788565,18773.833984,isopropylAlcohol
4,1746788,31.576569,9.12261,29.703936,15845.505859,isopropylAlcohol
5,1746844,31.341328,9.120528,31.556961,25979.296875,isopropylAlcohol
6,1746898,31.148352,9.11936,30.455706,17089.453125,isopropylAlcohol
7,1746953,31.036488,9.119704,31.9097,42440.316406,isopropylAlcohol
0,1749568,30.145557,9.117093,34.326286,14050.494141,isopropylAlcohol
1,1749622,30.170498,9.117175,33.435455,19987.507812,isopropylAlcohol
2,1749677,30.475445,9.118432,33.494194,22881.658203,isopropylAlcohol
3,1749732,30.624258,9.119885,31.984484,15073.009766,isopropylAlcohol
4,1749788,31.556396,9.122709,30.121979,13397.530273,isopropylAlcohol
5,1749843,31.321121,9.120621,31.823086,23568.404297,isopropylAlcohol
6,1749898,31.135769,9.119645,30.853718,16558.861328,isopropylAlcohol
7,1749953,31.000744,9.119439,32.179211,41410.546875,isopropylAlcohol
0,1752568,30.120434,9.116812,34.455727,15952.143555,isopropylAlcohol
1,1752622,30.152679,9.116977,33.616798,19512.195312,isopropylAlcohol
2,1752677,30.455185,9.118304,33.532375,22099.447266,isopropylAlcohol
3,1752732,30.611614,9.119788,32.084644,13867.822266,isopropylAlcohol
4,1752788,31.551352,9.122437,30.054277,9137.635742,isopropylAlcohol
5,1752843,31.298389,9.120325,31.706871,16443.988281,isopropylAlcohol
6,1752898,31.12067,9.119314,30.801687,10641.835938,isopropylAlcohol
7,1752953,30.98032,9.119275,32.040817,26218.763672,isopropylAlcohol
